country,code,continent,AFG,ALB,DZA,AND,AGO,ATG,ARG,ARM,AUS,AUT,AZE,BHS,BHR,BGD,BRB,BLR,BEL,BLZ,BEN,BTN,BOL,BIH,BWA,BRA,BRN,BGR,BFA,BDI,KHM,CMR,CAN,CPV,CAF,TCD,CHL,CHN,COL,COM,CRI,HRV,CUB,CYP,CZE,COD,DNK,DJI,DMA,DOM,ECU,EGY,SLV,GNQ,ERI,EST,ETH,FJI,FIN,FRA,GAB,GMB,GEO,DEU,GHA,GRC,GRD,GTM,GIN,GNB,GUY,HTI,HND,HUN,ISL,IND,IDN,IRN,IRQ,IRL,ISR,ITA,CIV,JAM,JPN,JOR,KAZ,KEN,KIR,KWT,KGZ,LAO,LVA,LBN,LSO,LBR,LBY,LIE,LTU,LUX,MKD,MDG,MWI,MYS,MDV,MLI,MLT,MHL,MRT,MUS,MEX,FSM,MDA,MCO,MNG,MNE,MAR,MOZ,MMR,NAM,NRU,NPL,NLD,NZL,NIC,NER,NGA,PRK,NOR,OMN,PAK,PLW,PAN,PNG,PRY,PER,PHL,POL,PRT,QAT,COG,ROU,RUS,RWA,KNA,LCA,VCT,WSM,SMR,SAU,SEN,SRB,SYC,SLE,SGP,SVK,SVN,SLB,SOM,ZAF,KOR,SSD,ESP,LKA,SDN,SUR,SWZ,SWE,CHE,SYR,STP,TJK,TZA,THA,TLS,TGO,TON,TTO,TUN,TUR,TKM,TUV,UGA,UKR,ARE,GBR,USA,URY,UZB,VUT,VAT,VEN,VNM,YEM,ZMB,ZWE
Afghanistan,AFG,Asia,,4,4,4,4,3,4,4,3,4,4,4,4,1,4,4,4,4,4,4,4,4,4,4,4,4,4,4,4,4,4,1,4,4,4,4,4,1,4,4,4,4,4,4,4,1,0,4,4,4,4,4,4,4,4,4,4,4,3,4,4,4,4,4,4,4,4,1,4,0,4,4,4,4,4,4,4,4,4,4,4,4,4,4,4,4,4,4,4,4,4,4,4,4,4,4,4,4,4,1,4,4,1,4,4,4,1,4,4,0,4,4,4,4,4,1,4,4,4,4,4,4,4,4,4,4,4,4,4,1,4,4,4,4,4,4,4,4,4,4,4,4,4,4,0,1,4,4,4,4,1,4,4,4,4,4,4,4,4,4,4,2,4,4,4,4,4,4,3,4,4,4,1,1,4,4,4,4,4,1,1,4,4,4,4,4,4,4,4,4,4,4,3,3
Albania,ALB,Europe,4,,4,0,4,0,4,1,4,0,3,4,4,1,0,0,0,4,4,4,1,0,4,0,4,0,4,4,1,4,4,1,4,4,0,4,4,1,4,0,4,0,0,4,0,1,0,1,0,1,4,4,4,0,4,4,0,0,3,0,0,0,4,0,4,4,4,1,4,0,4,0,0,3,0,1,4,4,0,0,3,1,4,4,4,3,4,4,1,1,0,4,4,4,4,0,0,0,0,1,1,0,1,4,0,4,1,1,4,0,0,0,4,0,4,1,3,4,4,1,0,4,4,4,4,4,0,4,4,1,4,4,4,4,4,0,0,4,4,0,4,4,3,0,0,1,0,4,4,0,1,4,0,0,0,4,4,4,0,4,0,2,4,4,4,0,0,4,3,4,1,4,1,1,4,0,4,0,4,1,1,0,4,4,4,4,4,4,0,4,4,4,1,3
Algeria,DZA,Africa,4,4,,4,4,3,4,4,3,4,3,4,4,1,4,4,4,4,0,4,1,4,4,4,4,4,4,4,1,4,4,1,4,4,4,4,4,1,4,4,4,4,4,4,4,1,0,4,0,4,4,4,4,4,4,4,4,4,3,4,3,4,1,4,4,4,0,1,4,0,4,4,4,4,0,1,4,4,4,4,4,4,4,1,4,3,4,4,4,1,4,4,4,4,4,4,4,4,4,1,1,0,1,0,4,4,0,1,4,0,3,4,4,4,0,1,3,4,4,1,4,4,1,4,4,4,4,4,4,1,4,4,4,4,4,4,4,4,4,3,4,1,3,4,0,1,4,4,1,4,1,4,4,4,4,4,4,4,4,4,4,2,4,4,4,4,4,4,3,1,1,4,1,1,4,4,0,4,4,1,1,4,4,4,4,4,4,4,4,4,4,1,4,1
Andorra,AND,Europe,4,0,4,,4,0,0,0,3,0,3,0,1,1,4,0,0,0,4,4,0,0,4,0,4,0,4,4,1,4,0,1,4,4,0,4,0,1,0,0,4,0,0,4,0,1,0,0,0,1,0,4,4,0,4,4,0,0,3,0,0,0,4,0,4,0,4,1,4,0,0,0,0,3,0,1,4,0,0,0,4,0,0,1,4,3,4,3,1,1,0,1,4,4,4,0,0,0,0,1,4,0,1,0,0,1,1,1,0,0,0,0,4,0,0,1,4,4,4,1,0,0,0,4,4,4,0,1,4,1,0,1,0,0,0,0,0,1,4,0,4,4,3,0,0,1,0,4,1,0,1,4,0,0,0,1,4,0,0,4,0,2,4,4,0,0,0,4,4,1,1,1,1,1,4,4,0,0,4,1,1,0,1,0,0,0,4,0,0,0,4,4,1,1
Angola,AGO,Africa,4,4,4,4,,3,4,4,3,4,4,4,4,1,4,4,4,4,0,4,4,4,0,4,4,4,4,4,1,4,4,0,4,4,4,4,4,1,4,4,4,4,4,4,4,1,0,4,0,4,4,4,4,4,4,4,4,4,3,4,3,4,1,4,4,4,4,1,4,0,4,4,4,3,0,1,4,4,4,4,4,4,4,4,4,3,4,4,4,1,4,4,4,4,4,4,4,4,4,1,1,4,1,4,4,4,1,0,4,0,4,4,4,4,4,1,4,0,4,1,4,4,1,4,4,4,4,4,4,1,0,4,4,4,0,4,4,4,4,4,4,1,3,4,0,1,4,4,4,4,1,4,0,4,4,4,4,4,4,4,4,3,4,4,4,4,4,4,0,4,1,4,1,1,4,4,0,4,4,1,0,4,4,4,4,4,4,4,4,4,4,4,1,0
Antigua and Barbuda,ATG,North America,4,0,4,0,4,,4,1,3,0,4,0,3,1,0,0,0,0,4,4,1,0,0,0,4,0,4,4,1,4,0,0,4,4,0,4,0,1,0,0,0,0,0,4,0,1,0,0,0,1,0,4,4,0,4,0,0,0,3,0,0,0,4,0,0,0,4,1,0,0,0,0,0,3,0,1,4,0,4,0,3,0,4,1,4,3,0,4,4,1,0,1,0,4,4,0,0,0,0,1,0,0,1,4,0,4,1,0,4,0,4,0,4,0,4,1,4,4,4,1,0,4,0,4,4,4,0,4,4,1,0,4,4,0,0,0,0,4,4,0,4,3,0,0,0,1,0,4,3,4,1,4,0,0,0,1,4,0,0,4,0,2,4,0,0,0,0,4,3,4,0,4,1,1,4,0,0,3,4,1,0,1,4,0,4,4,4,0,0,0,4,4,0,0
Argentina,ARG,South America,4,0,4,0,4,0,,0,3,0,3,0,1,1,0,0,0,0,4,4,0,0,0,0,4,0,1,4,1,4,4,1,4,4,0,4,0,1,0,0,4,0,0,4,0,1,0,0,0,1,0,4,4,0,1,0,0,0,3,4,0,0,4,0,0,0,4,1,0,0,0,0,0,3,0,1,4,0,0,0,4,0,0,1,0,3,4,4,1,1,0,1,4,4,4,0,0,0,0,1,1,0,1,4,0,1,1,0,0,0,4,0,4,0,0,1,3,4,4,1,0,0,0,4,4,4,0,1,4,1,0,1,0,0,0,0,0,4,4,0,0,4,0,0,0,1,0,4,0,0,1,4,0,0,0,1,4,0,0,4,0,2,4,0,0,0,0,4,4,1,1,0,1,1,4,0,0,0,4,1,1,0,4,0,4,0,4,0,0,0,3,4,1,1
Armenia,ARM,Asia,4,0,4,4,4,0,0,,3,4,5,0,4,1,0,0,4,4,4,4,1,4,4,0,4,4,4,4,1,4,4,1,4,4,4,4,4,1,4,4,4,4,4,4,4,1,0,4,0,4,4,4,4,4,4,4,4,4,3,4,0,4,4,4,4,4,4,1,4,0,4,4,4,3,0,0,4,4,4,4,4,1,4,1,0,4,4,4,0,1,4,1,4,4,4,4,4,4,4,1,1,0,1,4,4,4,1,1,4,0,0,4,4,4,4,1,4,0,4,1,4,4,4,4,4,4,4,4,4,1,0,4,4,4,4,4,4,4,4,4,0,3,3,4,0,1,4,4,4,4,1,4,4,4,4,4,4,4,4,4,4,2,4,4,4,4,4,4,3,0,1,4,1,1,4,4,4,3,4,1,1,0,4,4,4,0,0,4,4,4,3,4,3,3
Australia,AUS,Oceania,4,0,4,0,4,0,3,1,,0,3,0,1,1,0,0,0,0,4,4,0,0,0,4,1,0,1,4,1,4,0,1,4,4,0,4,0,1,0,0,4,0,0,4,0,1,0,0,0,1,0,4,4,0,1,0,0,0,3,0,0,0,4,0,0,0,4,1,0,0,0,0,0,3,0,1,4,0,0,0,3,0,0,1,0,3,0,3,0,1,0,1,0,4,4,0,0,0,0,1,1,0,1,4,0,1,1,0,0,0,0,0,4,0,0,1,3,0,4,1,0,0,0,4,4,4,0,1,4,1,0,1,1,0,0,0,0,1,4,0,4,1,0,0,0,1,0,4,0,0,1,4,0,0,0,1,4,0,0,4,0,2,4,4,0,0,0,4,3,1,1,0,1,1,1,1,0,3,4,1,1,1,1,0,2,0,4,0,0,0,4,4,1,1
Austria,AUT,Europe,4,0,4,0,4,0,0,0,3,,3,0,1,1,0,0,0,0,4,4,0,0,0,0,0,0,1,4,1,4,0,1,4,4,0,4,0,1,0,0,4,0,0,4,0,1,0,0,0,1,0,4,4,0,1,0,0,0,3,0,0,0,4,0,0,0,4,1,0,0,0,0,0,3,0,1,4,0,0,0,4,0,0,1,0,3,0,3,0,1,0,1,0,4,4,0,0,0,0,1,1,0,1,4,0,0,1,0,0,0,0,0,4,0,0,1,3,0,4,1,0,0,0,4,4,4,0,1,4,0,0,1,0,0,0,0,0,1,4,0,4,3,0,0,0,0,0,4,0,0,0,4,0,0,0,0,4,0,0,4,0,2,4,1,0,0,0,4,0,1,1,0,0,1,0,0,0,3,4,0,1,0,0,0,2,0,4,0,0,0,4,4,1,1
Azerbaijan,AZE,Asia,4,0,4,4,4,0,4,0,3,4,,0,4,1,0,0,4,4,4,4,1,0,4,4,4,4,4,4,1,4,4,1,4,4,4,4,0,1,4,4,4,4,4,4,4,1,0,4,0,4,4,4,4,4,4,4,4,4,3,4,0,4,4,4,4,4,4,1,4,0,4,4,4,3,0,0,4,4,4,4,4,1,4,1,0,4,4,4,0,1,4,1,4,4,4,4,4,4,0,1,1,0,1,4,4,1,1,1,4,0,0,4,4,0,4,1,4,0,4,1,4,4,1,4,4,4,4,4,4,1,4,4,4,4,4,4,4,1,4,4,0,3,3,4,0,1,4,4,4,4,1,4,4,4,4,4,4,4,4,4,4,2,4,4,4,4,4,4,3,0,1,4,1,1,4,4,4,0,4,1,1,0,4,4,4,4,0,0,4,4,3,4,3,1
Bahamas,BHS,North America,4,0,4,0,4,0,4,1,3,0,4,,3,4,0,4,0,0,4,4,1,0,0,0,4,0,4,4,1,4,0,1,4,4,0,0,0,1,0,0,4,0,0,4,0,1,0,1,0,4,0,4,4,0,4,0,0,0,3,0,0,0,4,0,0,0,4,1,0,0,0,0,0,3,0,1,4,0,0,0,4,0,0,1,4,0,4,4,4,1,0,1,0,4,4,0,0,0,0,1,0,0,1,4,0,4,1,0,0,0,0,0,4,0,4,1,4,4,4,1,0,4,0,4,4,4,0,4,4,1,0,4,4,0,0,0,0,4,4,0,4,4,0,0,0,1,0,4,1,4,1,4,0,0,0,1,1,0,0,4,0,2,4,0,0,0,0,4,4,4,0,4,1,1,4,0,4,3,4,1,0,1,0,0,0,0,4,0,0,4,4,4,0,0
Bahrain,BHR,Asia,4,4,4,4,4,3,4,1,3,4,3,0,,1,4,0,4,4,4,4,1,0,0,4,1,4,4,4,3,4,4,1,4,4,4,4,4,1,4,4,4,4,4,4,4,1,0,4,0,0,0,4,4,4,4,4,4,4,3,4,0,4,4,4,4,0,4,1,4,0,0,4,4,4,0,1,1,4,4,4,4,4,4,0,4,3,4,0,0,1,4,0,4,4,4,4,4,4,4,1,1,0,1,4,4,4,1,0,4,0,4,4,4,4,0,1,4,4,4,1,4,0,0,4,4,4,4,0,4,1,4,4,4,4,0,4,4,0,4,4,4,3,3,4,0,1,4,0,1,0,1,4,0,4,4,4,4,4,0,4,4,2,4,4,4,4,4,4,3,1,1,0,1,1,4,4,0,3,4,1,1,4,0,4,4,4,4,0,4,4,4,1,3,3
Bangladesh,BGD,Asia,4,4,4,4,4,3,4,4,3,4,4,0,4,,0,4,4,4,4,1,4,4,4,4,4,4,4,4,4,4,4,1,4,4,4,4,4,1,4,4,4,4,4,4,4,1,0,4,4,4,4,4,4,4,4,0,4,4,3,0,4,4,4,4,0,4,4,1,4,0,4,4,4,4,0,4,4,4,5,4,4,0,4,4,4,3,4,4,4,4,4,4,0,4,4,4,4,4,4,1,4,3,1,4,4,4,1,4,4,0,4,4,4,4,4,1,3,4,4,1,4,4,1,4,4,4,4,4,4,4,4,4,4,4,4,4,4,4,4,4,4,4,0,4,0,1,4,4,4,4,1,4,4,4,4,4,4,4,4,4,4,4,4,4,4,4,4,4,4,4,4,4,1,1,4,0,4,4,4,1,1,4,4,4,4,4,4,0,4,4,4,4,3,3
Barbados,BRB,North America,4,0,4,0,4,0,0,1,3,0,4,0,3,0,,0,0,0,4,4,1,0,0,0,4,0,4,4,1,4,0,1,4,4,0,4,0,1,0,0,0,0,0,4,0,1,0,0,0,4,0,4,4,0,4,0,0,0,3,0,0,0,4,0,0,0,4,1,0,0,0,0,0,3,0,1,4,0,0,0,4,0,0,1,4,0,0,4,4,1,0,1,0,4,4,0,0,0,0,1,0,0,1,4,0,1,1,0,0,0,0,0,4,0,4,1,4,4,4,1,0,4,0,4,4,4,0,4,4,1,0,4,4,0,0,0,0,4,4,0,4,4,0,0,0,1,0,4,1,4,1,4,0,0,0,1,1,0,0,4,0,2,4,0,0,0,0,4,4,4,0,4,1,1,1,0,0,3,4,1,0,1,4,0,4,0,4,0,0,0,4,4,0,0
Belarus,BLR,Europe,4,4,4,4,4,0,4,0,3,4,0,4,4,1,0,,4,4,4,4,1,4,4,0,4,4,4,4,1,4,4,1,4,4,4,4,4,1,4,4,0,4,4,4,4,1,0,4,0,4,4,4,4,4,4,4,4,4,3,4,0,4,4,4,1,4,4,1,4,0,0,4,4,4,0,1,4,4,0,4,3,1,4,1,0,3,4,4,0,1,4,1,4,4,4,4,4,4,0,1,1,0,1,4,4,4,1,1,4,0,0,4,0,0,4,1,3,0,4,1,4,4,0,4,4,4,4,4,4,1,0,4,4,0,4,4,4,1,4,4,0,3,3,4,0,1,4,4,4,0,1,4,4,4,4,4,4,4,4,4,4,2,4,4,4,4,4,4,3,0,1,4,1,1,4,4,0,0,4,1,1,0,4,4,4,4,0,0,4,0,0,4,1,1
Belgium,BEL,Europe,4,0,4,0,4,0,0,0,3,0,3,0,1,1,0,0,,0,4,4,0,0,0,0,0,0,1,4,1,4,0,1,4,4,0,4,0,1,0,0,4,0,0,4,0,1,0,1,0,1,0,4,4,0,1,0,0,0,3,0,0,0,4,0,0,0,4,1,0,0,0,0,0,3,0,1,4,0,0,0,4,0,0,1,0,3,0,3,0,1,0,1,0,4,4,0,0,0,0,1,1,0,1,4,0,0,1,0,0,0,0,0,4,0,0,1,3,0,4,1,0,0,0,4,4,4,0,1,4,0,0,1,0,0,0,0,0,1,4,0,4,4,0,0,0,0,0,4,0,0,0,4,0,0,0,0,4,0,0,4,0,2,4,1,0,0,0,4,0,1,1,0,0,1,0,0,0,3,4,0,1,0,0,0,2,0,4,0,0,0,4,4,1,1
Belize,BLZ,North America,4,4,4,4,4,0,4,1,3,4,4,0,3,4,0,4,4,,4,4,1,4,0,0,4,4,4,4,1,4,4,1,4,4,0,4,0,1,0,4,4,4,4,4,4,1,0,0,0,4,0,4,4,4,4,0,4,4,3,0,0,4,4,4,0,0,4,1,0,0,0,4,4,3,0,1,4,0,0,4,3,0,4,4,4,0,0,4,4,1,4,1,0,0,4,4,4,4,4,1,0,0,1,4,4,1,1,0,0,0,4,4,4,4,4,1,3,4,4,1,4,4,0,0,4,4,4,4,4,1,0,4,4,0,0,4,4,4,4,4,4,3,0,0,0,1,4,4,1,4,1,0,0,4,4,4,4,0,4,4,4,2,4,0,0,4,4,4,3,4,1,4,1,1,4,0,4,0,4,1,0,4,4,0,4,0,4,0,4,0,4,4,0,0
Benin,BEN,Africa,4,4,4,4,4,3,4,4,3,4,4,4,4,1,4,4,4,4,,4,1,4,4,4,4,4,0,4,1,4,4,0,0,1,4,4,4,1,4,4,0,4,4,4,4,1,0,4,0,1,4,4,4,4,4,4,4,4,3,0,3,4,0,4,4,4,0,0,4,0,4,4,4,4,0,1,4,4,4,4,0,4,4,4,4,3,4,4,4,1,4,4,4,0,4,4,4,4,4,1,4,0,1,0,4,4,1,1,4,0,4,4,4,4,4,1,4,4,4,1,4,4,1,0,0,4,4,4,4,1,4,4,4,4,0,4,4,4,1,4,4,1,4,1,0,1,4,4,0,4,1,0,0,4,4,4,4,0,4,4,4,1,4,4,4,4,4,4,4,4,1,4,1,0,4,4,4,4,4,1,1,4,4,4,4,4,4,4,4,4,4,4,4,4
Bhutan,BTN,Asia,4,4,4,4,4,3,4,1,3,4,4,4,4,0,4,4,4,4,4,,4,4,4,4,4,4,4,4,1,4,4,1,4,4,4,4,0,1,4,4,4,4,4,4,4,1,0,4,0,4,4,4,4,4,4,4,4,4,3,0,3,4,4,4,4,4,4,1,4,0,4,4,4,0,0,1,4,4,4,4,4,4,4,1,4,1,4,3,4,1,4,1,4,4,4,4,4,4,4,1,4,4,1,4,4,4,1,1,4,0,4,4,4,4,4,1,4,4,4,1,4,4,1,4,4,4,4,4,4,1,0,4,4,4,0,4,4,4,4,4,4,4,4,1,0,1,4,4,4,4,1,4,0,4,4,4,4,4,4,4,4,1,4,4,4,4,4,4,4,4,1,1,1,1,4,4,4,4,4,1,1,4,4,4,4,4,4,4,4,4,4,4,1,3
Bolivia,BOL,South America,4,4,4,4,4,3,0,1,3,4,4,0,1,1,4,4,4,4,4,4,,4,4,0,4,4,4,4,1,4,4,1,4,4,0,4,0,1,0,4,4,4,4,4,4,1,0,0,0,1,4,4,4,4,4,4,4,4,3,4,3,4,4,4,4,4,4,1,4,0,4,4,4,3,0,0,4,0,4,4,4,0,4,1,4,3,4,4,4,1,4,4,4,4,4,4,4,4,4,1,1,0,1,4,4,4,1,1,4,0,4,4,4,4,4,1,4,4,4,1,4,4,1,4,4,4,4,1,4,1,0,4,0,0,0,4,4,4,4,4,0,4,0,1,0,1,4,4,4,0,1,4,0,4,4,4,1,0,4,4,4,2,4,1,4,4,4,4,4,4,1,4,1,1,4,4,4,0,4,1,1,4,4,4,4,0,4,4,4,0,4,4,1,3
Bosnia and Herzegovina,BIH,Europe,4,0,4,0,4,3,4,1,3,0,3,0,4,1,4,0,0,4,4,4,1,,4,0,4,0,4,4,1,4,4,1,4,4,0,4,4,1,4,0,0,0,0,4,0,1,0,1,0,4,4,4,4,0,4,4,0,0,3,0,0,0,4,0,1,4,4,1,4,0,4,0,0,3,0,1,4,4,4,0,4,1,4,1,4,3,4,4,0,1,0,4,4,4,4,0,0,0,0,1,1,0,1,4,0,4,1,1,4,0,0,0,4,0,4,1,3,4,4,1,0,4,4,4,4,4,0,4,4,1,0,4,4,4,4,0,0,4,4,0,0,4,4,0,0,1,0,4,4,0,1,4,0,0,0,4,4,4,0,4,0,2,4,4,0,0,0,4,3,4,1,4,1,1,4,0,0,0,4,1,1,0,4,4,4,4,4,4,0,4,4,4,1,1
Botswana,BWA,Africa,4,4,4,4,4,0,4,4,3,4,4,0,4,0,0,4,4,0,0,4,1,4,,4,4,4,4,4,4,4,4,1,4,4,4,4,4,1,4,4,4,4,4,4,4,1,0,0,0,4,4,4,4,4,4,0,4,4,3,4,0,4,1,4,0,4,4,1,4,0,4,4,4,3,0,1,4,0,4,4,4,0,4,4,4,0,4,4,4,1,4,4,4,4,4,4,4,4,0,1,0,0,1,4,4,4,1,4,4,0,4,4,4,4,4,0,4,0,4,1,4,4,4,4,4,4,4,4,4,1,4,4,4,4,0,4,4,4,4,4,4,1,0,0,0,1,4,4,1,4,1,4,0,4,4,4,4,0,4,1,4,2,4,4,0,4,4,4,3,4,0,4,1,1,4,0,4,4,4,1,1,4,4,0,4,4,4,0,4,4,4,4,0,0
Brazil,BRA,South America,4,0,4,0,4,0,0,0,3,0,3,0,1,4,0,0,0,0,4,4,0,0,0,,4,0,1,4,1,4,4,1,4,4,0,4,0,1,0,0,4,0,0,4,0,1,0,0,0,1,0,4,4,0,1,0,0,0,3,4,0,0,4,0,0,0,4,1,0,0,0,0,0,3,0,1,4,0,0,0,3,0,4,1,0,3,4,4,1,1,0,1,4,4,4,0,0,0,0,1,1,0,1,4,0,1,1,0,0,0,4,0,0,0,0,1,3,0,4,1,0,0,0,4,4,4,0,1,4,1,0,1,0,0,0,0,0,4,4,0,0,3,0,0,0,1,0,4,0,0,0,4,0,0,0,1,4,0,0,4,0,2,4,0,0,0,0,4,0,1,1,0,1,1,1,0,0,0,4,1,1,0,4,0,4,0,4,0,0,0,4,4,1,1
Brunei,BRN,Asia,4,4,4,0,4,0,4,1,2,0,3,0,1,1,0,4,0,0,4,4,1,0,0,4,,0,4,4,1,4,0,1,4,4,4,0,0,1,0,0,4,0,0,4,0,1,0,1,0,1,0,4,4,0,4,0,0,0,3,0,0,0,4,0,0,0,4,1,4,0,0,0,0,3,0,1,4,0,4,0,3,0,0,1,4,0,0,3,1,0,0,1,0,4,4,0,0,0,0,1,1,0,1,4,0,1,1,0,4,0,4,0,4,0,4,1,0,4,4,1,0,0,0,4,4,4,0,1,4,1,0,1,4,0,0,0,0,0,4,0,4,3,0,0,0,1,0,4,0,4,1,4,0,0,0,1,1,4,0,4,0,2,4,4,0,0,0,4,3,1,1,0,1,1,1,4,0,0,4,1,1,0,1,0,2,4,4,0,0,4,0,1,1,1
Bulgaria,BGR,Europe,4,0,4,0,4,0,0,0,3,0,3,0,1,1,0,0,0,0,4,4,1,0,0,0,0,,4,4,1,4,4,1,4,4,0,4,0,1,0,0,4,0,0,4,0,1,0,0,0,1,0,4,4,0,4,0,0,0,3,0,0,0,4,0,0,0,4,1,4,0,0,0,0,3,0,1,4,0,0,0,3,1,0,1,0,3,0,1,1,1,0,1,4,4,4,0,0,0,0,1,1,0,0,4,0,0,1,0,0,0,0,0,4,0,0,1,3,4,4,1,0,0,0,4,4,4,0,1,4,0,0,1,0,0,0,0,0,4,4,0,4,3,0,0,0,0,0,4,0,0,0,4,0,0,0,0,4,4,0,4,0,2,4,4,0,0,0,4,0,1,1,1,0,1,0,0,0,0,4,0,1,0,0,0,4,0,4,0,0,0,3,4,1,3
Burkina Faso,BFA,Africa,4,4,4,4,4,3,4,4,3,4,4,4,4,1,4,4,4,4,0,4,1,4,4,4,4,4,,4,1,4,4,0,0,0,4,4,4,1,4,4,4,4,4,4,4,1,0,4,0,4,4,4,4,4,4,4,4,4,3,0,3,4,0,4,4,4,0,0,4,0,4,4,4,4,0,1,4,4,4,4,0,4,4,4,4,3,4,4,4,1,4,4,4,0,4,4,4,4,4,1,4,4,1,0,4,4,1,1,4,0,4,4,4,4,4,1,4,4,4,1,4,4,1,0,0,4,4,4,4,1,4,4,4,4,0,4,4,4,1,4,4,1,3,1,0,1,4,4,0,4,1,0,0,4,4,4,4,4,4,4,4,2,4,4,4,4,4,4,3,4,1,4,1,0,4,4,0,4,4,1,1,4,4,4,4,4,4,4,4,4,4,4,3,3
Burundi,BDI,Africa,4,4,4,4,4,3,4,4,3,4,4,4,0,1,4,4,4,4,0,4,1,4,4,4,4,4,4,,1,4,4,1,0,4,4,4,4,1,4,4,4,4,4,0,4,1,0,4,0,4,4,4,4,4,4,4,4,4,3,4,3,4,1,4,4,4,4,1,4,0,4,4,4,3,0,1,4,4,4,4,4,4,4,4,4,0,4,4,4,1,4,4,4,4,4,4,4,4,4,1,4,4,1,4,4,4,1,0,4,0,4,4,4,4,4,1,4,4,4,1,4,4,1,4,4,4,4,4,4,1,4,4,4,4,0,4,4,4,4,4,4,0,3,1,0,1,4,4,0,4,1,4,0,4,4,4,4,4,4,4,4,3,4,4,4,4,4,4,0,4,0,4,1,1,4,4,4,4,4,1,0,4,4,4,4,4,4,4,4,4,4,4,1,1
Cambodia,KHM,Asia,4,4,4,4,4,3,4,1,3,4,4,4,4,1,4,4,4,4,4,4,4,4,4,4,0,4,4,4,,4,4,1,4,4,4,4,4,1,4,4,4,4,4,4,4,1,0,4,0,4,4,4,4,4,4,4,4,4,3,0,3,4,4,4,4,4,4,1,4,0,4,4,4,3,0,1,4,4,4,4,4,4,4,4,4,3,4,3,4,0,4,4,4,4,4,4,4,4,4,1,1,0,1,4,4,1,1,1,4,0,4,4,4,4,4,1,0,4,4,1,4,4,1,4,4,4,4,4,4,1,0,4,4,4,0,4,4,4,4,4,4,4,4,1,0,1,4,4,4,4,1,4,0,4,4,4,1,4,4,4,4,2,4,4,4,4,4,4,4,4,1,0,1,1,4,4,4,4,4,1,1,4,4,4,4,4,4,4,4,4,0,4,1,4
Cameroon,CMR,Africa,4,4,4,4,4,3,4,4,3,4,4,4,3,1,4,4,4,4,0,4,1,4,4,4,4,4,4,4,1,,4,1,0,0,4,4,4,1,4,4,4,4,4,4,4,1,0,4,0,4,4,4,4,4,4,4,4,4,3,4,4,4,1,4,0,4,4,1,4,0,4,4,4,3,4,1,4,4,4,4,4,0,4,4,4,4,4,4,4,4,4,4,0,4,4,4,4,4,4,1,4,4,1,4,4,4,1,1,4,0,4,4,4,4,4,1,3,4,4,4,4,4,1,4,0,4,4,4,4,1,4,4,4,4,0,4,4,4,1,4,4,1,3,1,0,1,4,4,0,4,1,4,0,4,4,4,4,4,4,4,4,4,4,4,4,4,4,4,0,4,1,4,1,1,4,4,4,4,4,1,1,4,4,4,4,4,4,0,4,4,4,4,3,3
Canada,CAN,North America,4,0,4,0,4,0,3,1,2,0,3,0,3,1,0,0,0,0,4,4,0,0,0,4,0,0,1,4,1,4,,1,4,4,0,4,3,1,0,0,4,0,0,4,0,1,0,0,0,1,0,4,4,0,1,0,0,0,3,0,0,0,4,0,0,0,4,1,0,0,0,0,0,3,0,4,4,0,0,0,3,0,0,1,0,3,0,3,0,1,0,1,0,4,4,0,0,0,0,1,1,0,1,4,0,1,1,0,0,0,0,0,0,0,0,1,3,0,4,1,0,0,0,4,4,4,0,1,4,1,0,1,1,0,0,0,0,1,4,0,4,3,0,0,0,1,0,4,0,0,1,4,0,0,0,1,4,0,0,4,0,2,4,1,0,0,0,4,0,1,1,0,1,1,1,0,0,3,4,1,1,0,1,0,0,0,4,0,0,0,4,4,1,1
Cape Verde,CPV,Africa,4,4,4,4,1,3,4,4,3,4,4,0,4,1,4,4,4,4,0,4,1,4,4,4,4,4,0,4,1,4,4,,4,4,4,4,4,1,4,4,4,4,4,4,4,1,0,4,0,4,4,4,4,4,4,4,4,4,3,0,3,4,0,4,4,4,0,0,4,0,4,4,4,3,0,1,4,4,4,4,0,4,4,4,4,3,4,4,4,1,4,4,4,0,4,4,4,4,4,1,1,0,1,0,4,4,1,0,4,0,4,4,4,4,4,1,4,4,4,1,4,4,1,0,0,4,4,4,4,1,0,4,4,4,0,4,4,4,4,4,4,1,3,1,0,1,4,4,0,4,1,0,0,4,4,4,4,0,4,4,4,3,4,4,4,4,4,4,0,4,1,4,1,0,4,4,0,4,4,1,1,4,4,4,4,4,4,4,4,4,4,4,3,1
Central African Republic,CAF,Africa,4,4,4,4,4,3,4,4,3,4,4,4,4,1,4,4,4,4,0,4,1,4,4,4,4,4,0,4,1,0,4,1,,0,4,4,4,1,4,4,4,4,4,4,4,1,0,4,0,4,4,4,4,4,4,4,4,4,4,4,4,4,1,4,4,4,4,1,4,0,4,4,4,4,4,1,4,4,0,4,0,4,4,4,4,3,4,4,4,1,4,4,4,4,4,4,4,4,4,1,4,4,1,4,4,4,1,1,4,0,4,4,4,4,4,1,4,4,4,1,4,4,1,4,4,4,4,4,4,1,4,4,4,4,0,4,4,4,0,4,4,1,4,4,0,1,4,4,0,4,1,4,0,4,4,4,4,4,4,4,4,2,4,4,4,4,4,4,0,4,1,4,1,1,4,4,4,4,4,1,1,4,4,4,4,4,4,4,4,4,4,4,4,4
Chad,TCD,Africa,4,4,4,4,4,3,4,4,3,4,4,4,4,1,4,4,4,4,0,4,4,4,4,4,4,4,1,4,1,0,4,1,0,,4,4,4,1,4,4,4,4,4,4,4,1,0,4,0,4,4,4,4,4,4,4,4,4,3,4,4,4,1,4,4,4,4,1,4,0,4,4,4,4,0,1,4,4,4,4,0,4,4,4,4,3,4,4,4,1,4,4,4,4,4,4,4,4,4,1,4,0,1,0,4,4,1,1,4,0,4,4,4,4,4,1,4,4,4,1,4,4,1,0,0,4,4,4,4,1,4,4,4,4,0,4,4,4,1,4,4,1,3,4,0,1,4,4,0,4,1,4,0,4,4,4,4,4,4,4,4,2,4,4,4,4,4,4,0,4,4,4,1,1,4,4,4,4,4,1,1,4,4,4,4,4,4,4,4,4,4,4,3,3
Chile,CHL,South America,4,0,4,0,4,0,0,1,3,0,3,0,1,1,0,0,0,0,4,4,0,0,0,0,4,0,4,4,1,4,0,1,4,4,,4,0,1,0,0,4,0,0,4,0,1,0,0,0,1,0,4,4,0,4,0,0,0,3,4,0,0,4,0,0,0,4,1,0,0,0,0,0,3,0,1,4,0,0,0,4,0,0,1,0,3,4,4,1,1,0,1,4,4,4,0,0,0,0,1,1,0,1,4,0,1,1,0,0,0,0,0,4,0,0,1,3,4,4,1,0,0,0,4,4,4,0,1,4,1,0,1,0,0,0,0,0,4,4,0,0,4,0,0,0,1,0,4,4,0,1,4,0,0,0,1,4,0,0,4,0,2,4,1,0,0,0,4,4,1,1,0,1,1,4,0,0,0,4,1,1,0,4,0,2,0,4,0,0,0,3,4,1,4
China,CHN,Asia,4,4,4,4,4,0,4,3,3,4,1,0,1,1,4,4,4,4,4,4,4,4,4,4,1,4,4,4,1,4,4,1,4,4,4,,4,1,4,4,4,4,4,4,4,1,0,4,0,1,4,4,4,4,1,0,4,4,3,4,3,4,4,4,0,4,4,1,4,0,4,4,4,3,0,1,4,4,4,4,3,0,4,1,4,3,4,4,4,1,4,1,4,4,4,4,4,4,4,1,1,3,1,4,4,4,1,0,4,0,4,4,4,4,0,1,3,4,4,1,4,3,4,4,4,4,4,4,4,1,4,4,4,4,4,4,4,4,4,4,4,3,0,4,4,1,0,4,4,0,0,4,3,4,4,4,4,4,4,4,4,2,4,1,4,4,4,4,3,1,1,1,1,1,0,4,0,3,4,1,1,1,1,4,4,4,4,0,4,4,4,4,3,3
Colombia,COL,South America,4,4,4,0,4,3,0,1,3,0,3,0,1,1,0,4,0,0,4,4,0,4,4,0,4,0,1,4,1,4,4,1,4,4,0,4,,1,4,0,4,0,0,4,0,1,0,1,0,1,0,4,4,0,4,0,0,0,3,4,0,0,4,0,4,0,4,1,4,4,0,0,0,3,4,4,4,4,0,0,3,0,4,4,4,3,4,4,4,1,0,4,4,4,4,0,0,0,4,1,1,4,1,4,0,1,1,1,0,0,4,0,4,0,4,1,3,4,4,1,0,4,1,4,4,4,0,1,4,1,0,4,0,0,0,0,0,4,4,0,0,3,0,4,0,1,0,4,4,4,1,4,0,0,0,4,4,4,0,4,0,2,4,1,4,0,0,4,3,4,1,4,1,1,4,0,4,0,4,1,1,4,4,4,4,0,4,4,0,0,3,4,1,3
Comoros,COM,Africa,4,4,4,4,4,3,4,4,3,4,4,4,4,1,4,4,4,4,0,4,1,4,4,4,4,4,4,4,3,4,4,1,4,4,4,4,4,,4,4,4,4,4,4,4,1,0,4,0,4,4,4,4,4,4,4,4,4,3,4,4,4,1,4,4,4,4,1,4,0,4,4,4,3,4,1,4,4,4,4,4,4,4,4,4,3,4,4,4,1,4,4,4,4,4,4,4,4,4,1,1,0,1,4,4,4,1,1,4,0,4,4,4,4,4,1,4,4,4,1,4,4,1,4,4,4,4,4,4,1,0,4,4,4,0,4,4,4,4,4,4,1,4,1,0,1,4,4,4,4,1,4,0,4,4,4,4,4,4,4,4,1,4,4,4,4,4,4,3,4,1,4,1,1,4,4,0,4,4,1,0,4,4,4,4,4,4,4,4,4,4,4,1,1
Costa Rica,CRI,North America,4,0,4,0,4,3,0,1,3,0,3,0,4,4,0,4,0,0,4,4,0,0,1,0,4,0,4,4,1,4,4,1,4,4,0,4,0,1,,0,4,0,0,4,0,1,0,0,0,4,0,4,4,0,4,4,0,0,3,4,0,0,4,0,0,0,4,1,0,0,0,0,0,3,0,1,4,0,0,0,4,0,0,1,4,3,4,4,4,1,0,1,4,4,4,0,0,0,0,1,1,0,1,4,0,1,1,0,0,0,4,0,4,0,4,1,3,4,4,1,0,4,0,4,4,4,0,4,4,1,0,4,0,0,0,0,0,4,4,0,4,4,0,0,0,1,0,4,0,0,1,4,0,0,0,1,1,0,0,4,0,2,4,1,4,0,0,4,3,4,1,4,1,1,4,0,0,0,4,1,1,4,4,0,4,0,4,4,0,0,4,4,1,4
Croatia,HRV,Europe,4,0,4,0,4,0,0,0,3,0,3,0,1,1,0,0,0,0,4,4,0,0,0,0,0,0,4,4,1,4,0,1,4,4,0,4,0,1,0,,4,0,0,4,0,1,0,1,0,1,0,4,4,0,4,4,0,0,3,0,0,0,4,0,0,0,4,1,4,0,0,0,0,3,0,1,4,0,0,0,3,1,0,1,0,3,0,4,0,1,0,1,4,4,4,0,0,0,0,1,1,0,1,4,0,0,1,0,0,0,0,0,4,0,0,1,3,4,4,1,0,0,0,4,4,4,0,1,4,0,0,1,0,0,0,0,0,4,4,0,4,3,0,0,0,0,0,4,0,0,0,4,0,0,0,0,4,4,0,4,0,2,4,4,0,0,0,4,0,1,1,4,0,1,0,0,0,3,4,0,1,0,0,0,4,0,4,0,0,0,4,4,1,1
Cuba,CUB,North America,4,4,4,4,4,0,4,1,3,4,3,4,3,1,0,0,4,4,4,4,4,4,0,4,4,4,1,4,1,4,4,1,4,4,4,4,4,1,4,4,,4,4,4,4,1,0,4,4,1,4,4,4,4,1,4,4,4,3,0,3,4,4,4,0,4,0,1,0,4,4,4,4,3,0,1,4,4,4,4,4,4,4,4,4,3,4,4,0,1,4,4,4,4,4,4,4,4,0,1,1,0,1,4,4,4,1,1,4,0,4,4,0,0,4,1,4,0,4,1,4,4,4,4,4,4,4,4,4,1,4,4,4,4,4,4,4,4,4,4,0,3,0,0,0,1,4,4,4,0,1,4,0,4,4,4,1,4,4,4,4,2,4,1,4,4,4,4,3,1,1,4,1,1,4,0,4,4,4,1,1,4,4,4,4,4,4,0,4,4,3,4,1,1
Cyprus,CYP,Europe,4,0,4,0,4,0,0,0,3,0,3,0,1,1,0,0,0,0,4,4,1,0,0,0,0,0,4,4,1,4,0,1,4,4,0,4,0,1,0,0,4,,0,4,0,1,0,0,0,1,0,4,4,0,4,0,0,0,3,0,0,0,4,0,0,0,4,1,4,0,0,0,0,3,0,1,4,0,0,0,4,0,0,1,0,0,0,3,1,1,0,1,0,4,4,0,0,0,0,1,1,0,1,4,0,0,1,0,0,0,0,0,4,0,0,1,3,4,4,1,0,0,0,4,4,4,0,1,4,0,0,1,0,0,0,0,0,1,4,0,4,3,0,0,0,0,0,4,0,0,0,4,0,0,0,0,4,0,0,4,0,2,4,4,0,0,0,4,0,1,0,1,0,1,0,0,4,3,4,0,0,0,0,0,4,0,4,0,0,0,4,4,0,0
Czech Republic,CZE,Europe,4,0,4,0,4,0,0,0,3,0,3,0,1,1,0,0,0,0,4,4,0,0,0,0,0,0,1,4,1,4,0,1,4,4,0,4,0,1,0,0,4,0,,4,0,1,0,0,0,1,0,4,4,0,1,0,0,0,3,0,0,0,4,0,0,0,4,3,4,0,0,0,0,3,0,1,4,0,0,0,3,0,0,1,0,3,0,3,0,1,0,1,0,4,4,0,0,0,0,1,1,0,1,4,0,0,1,0,0,0,0,0,4,0,0,1,3,4,4,1,0,0,0,4,4,4,0,1,4,0,0,1,0,0,0,0,0,4,4,0,4,3,0,0,0,0,0,4,0,0,0,4,0,0,0,0,4,0,0,4,0,2,4,1,0,0,0,4,0,1,1,0,0,1,0,0,0,0,4,0,1,0,0,0,2,0,4,0,0,0,3,4,1,1
Democratic Republic of the Congo,COD,Africa,4,4,4,4,4,3,4,4,3,4,4,4,4,4,4,4,4,4,0,4,4,4,4,4,4,4,4,0,1,4,4,1,0,4,4,4,4,1,4,4,4,4,4,,4,1,0,4,0,4,4,4,4,4,4,4,4,4,4,4,3,4,1,4,4,4,4,1,4,0,4,4,4,4,4,1,4,4,4,4,4,4,4,4,4,3,4,4,4,4,4,4,4,4,4,4,4,4,4,1,1,4,1,4,4,4,1,0,4,0,4,4,4,4,4,1,3,4,4,1,4,4,4,4,4,4,4,4,4,1,4,4,4,4,0,4,4,4,4,4,4,0,0,4,0,1,4,4,0,4,1,4,0,4,4,4,1,4,4,4,4,2,4,4,4,4,4,4,0,4,1,4,1,1,4,4,4,4,4,1,1,4,4,4,4,4,4,4,4,4,4,4,1,0
Denmark,DNK,Europe,4,0,4,0,4,0,0,0,3,0,3,0,1,1,0,0,0,0,4,4,0,0,0,0,0,0,1,4,1,4,0,1,4,4,0,4,0,1,0,0,4,0,0,4,,1,0,1,0,1,0,4,4,0,1,0,0,0,3,0,0,0,4,0,0,0,4,1,0,0,0,0,0,3,0,1,4,0,0,0,4,0,0,1,0,3,0,3,0,1,0,1,0,4,4,0,0,0,0,1,1,0,1,4,0,0,1,0,0,0,0,0,4,0,0,1,3,0,4,1,0,0,0,4,4,4,0,1,4,0,0,1,0,0,0,0,0,1,4,0,4,3,0,0,0,0,0,4,0,0,0,4,0,0,0,0,4,0,0,4,0,2,4,1,0,0,0,4,0,1,1,0,0,1,0,0,0,0,4,0,1,0,0,0,2,0,4,0,0,0,0,4,1,1
Djibouti,DJI,Africa,4,4,4,4,4,3,4,4,3,4,4,4,4,1,4,4,4,4,4,4,1,4,4,4,4,4,1,4,1,4,4,4,4,4,4,4,4,1,4,4,4,4,4,4,4,,0,4,0,4,4,4,4,4,0,4,4,4,3,4,3,4,1,4,4,4,4,1,4,0,4,4,4,3,4,1,4,4,4,4,4,4,4,4,4,1,4,4,4,1,4,4,4,4,4,4,4,4,4,1,1,4,1,4,4,4,1,1,4,0,4,4,4,4,4,1,4,4,4,1,4,4,1,4,4,4,4,4,4,1,4,4,4,4,0,4,4,4,4,4,4,1,3,1,0,1,4,4,4,4,1,4,0,4,4,4,4,4,4,4,4,3,4,4,4,4,4,4,3,4,4,4,1,0,4,4,4,1,4,1,1,4,4,4,4,4,4,4,4,4,4,4,1,3
Dominica,DMA,North America,4,4,4,0,4,0,4,1,3,0,4,0,3,1,0,0,0,0,4,4,1,4,0,0,4,0,4,4,1,4,4,1,4,4,4,4,0,1,0,0,0,0,0,4,0,1,,0,0,1,4,4,4,0,4,0,0,0,3,0,3,0,4,0,0,4,4,1,0,0,4,0,0,3,0,1,4,0,0,0,4,0,4,1,4,0,4,4,4,1,0,4,0,4,4,0,0,0,4,1,0,0,1,4,0,4,1,0,4,0,4,0,4,0,4,1,4,4,4,1,0,4,1,4,4,4,0,4,4,1,0,4,4,0,0,0,0,4,4,0,4,4,0,0,0,1,0,4,4,4,1,4,0,0,0,1,1,4,0,4,0,2,4,0,0,0,0,4,4,4,0,4,1,1,1,0,4,3,4,1,1,4,4,0,4,4,4,0,0,0,4,4,0,3
Dominican Republic,DOM,North America,4,4,4,4,4,3,4,1,3,4,4,4,3,1,4,4,4,4,4,4,1,4,0,4,4,4,4,4,1,4,4,1,4,4,4,4,0,1,4,4,4,4,4,4,4,1,4,,0,1,0,4,4,4,4,4,4,4,3,0,0,4,4,4,0,0,4,1,0,4,4,4,4,3,0,1,4,4,0,4,4,4,0,1,4,3,4,4,4,1,4,1,4,4,4,4,4,4,4,1,1,0,1,4,4,4,1,1,4,0,4,4,4,4,4,1,4,4,4,1,4,4,1,4,4,4,4,4,4,1,4,4,4,0,0,4,4,4,4,4,4,3,4,4,4,1,4,4,1,4,1,4,0,4,4,1,1,4,0,4,4,2,4,1,4,4,4,4,4,4,1,4,1,1,4,0,4,3,4,1,1,4,4,4,4,4,4,4,4,4,4,4,3,1
Ecuador,ECU,South America,4,4,4,4,4,3,0,1,3,4,4,0,1,1,4,0,4,4,4,4,0,4,4,0,4,4,1,4,1,4,4,1,4,4,0,0,0,1,4,4,4,4,4,4,4,1,0,0,,1,0,4,4,4,4,4,4,4,3,4,0,4,4,4,4,4,4,1,0,0,0,4,4,3,0,1,4,4,0,4,4,0,4,1,0,3,4,4,4,1,4,4,4,4,4,4,4,4,4,1,1,0,1,4,4,4,1,1,4,0,0,4,4,0,4,1,3,4,4,1,4,4,0,4,4,4,4,1,4,1,0,1,0,0,0,4,4,4,4,4,0,3,0,1,0,1,4,4,4,4,1,4,0,4,4,1,1,0,0,4,4,2,4,1,4,4,4,4,3,4,1,4,1,1,4,0,4,0,4,1,1,4,4,4,4,0,4,0,4,0,4,4,1,3
Egypt,EGY,Africa,4,4,4,4,4,3,4,4,4,4,4,4,3,4,4,4,4,4,0,4,1,4,4,4,4,4,1,4,1,4,4,1,4,4,4,4,4,1,4,4,4,4,4,4,4,1,0,4,0,,4,4,4,4,4,4,4,4,3,4,3,4,1,4,4,4,0,1,4,0,4,4,4,4,0,1,4,4,4,4,4,4,4,0,4,3,4,4,4,1,4,4,4,4,4,4,4,4,4,1,4,0,1,4,4,1,1,0,4,0,4,4,4,4,4,1,3,4,4,1,4,4,1,4,4,4,4,4,4,1,4,4,4,4,4,4,4,4,4,4,4,1,0,4,0,1,4,4,0,4,1,4,4,4,4,4,4,4,0,4,4,4,0,4,4,4,4,4,4,1,1,4,1,1,4,4,4,4,4,1,1,4,4,4,4,4,4,4,4,4,4,1,4,1
El Salvador,SLV,North America,4,0,4,0,4,3,0,1,3,0,4,0,4,1,0,0,0,0,4,4,1,0,4,0,4,0,4,4,1,4,4,1,4,4,0,4,0,1,0,0,4,0,0,4,0,1,0,0,0,4,,4,4,0,4,4,0,0,3,4,0,0,4,0,4,0,4,1,4,0,0,0,0,3,0,1,4,0,0,0,4,0,0,1,4,3,4,4,4,1,0,4,4,4,4,0,0,0,0,1,4,0,1,4,0,4,1,0,4,0,4,0,4,0,4,1,4,4,4,1,0,4,0,4,4,4,0,4,4,1,0,4,0,4,0,0,0,4,4,0,0,4,0,1,0,1,0,4,1,4,1,4,0,0,0,1,1,4,0,4,0,2,4,1,4,0,0,4,3,4,1,4,1,1,4,0,4,0,4,1,1,1,4,0,4,0,4,4,0,4,4,4,3,3
Equatorial Guinea,GNQ,Africa,4,4,4,4,4,3,4,4,3,4,4,4,4,1,4,4,4,4,0,4,1,4,4,4,4,4,4,4,1,4,4,1,4,1,4,4,4,1,4,4,4,4,4,4,4,1,0,4,0,4,4,,4,4,4,4,4,4,3,4,3,4,1,4,4,4,4,1,4,0,4,4,4,3,0,1,4,4,4,4,4,4,4,4,4,3,4,4,4,1,4,4,4,4,4,4,4,4,4,1,1,4,1,4,4,4,1,1,4,0,4,4,4,4,4,1,4,4,4,1,4,4,1,4,4,4,4,4,4,1,4,4,4,4,0,4,4,4,1,4,4,1,3,1,0,1,4,4,4,4,1,4,0,4,4,4,4,4,4,4,4,2,4,4,4,4,4,4,0,4,4,4,1,1,4,4,0,4,4,1,1,4,4,4,4,4,4,4,4,4,4,4,3,1
Eritrea,ERI,Africa,4,4,4,4,4,3,4,4,3,4,4,4,4,1,4,4,4,4,0,4,1,4,4,4,4,4,1,4,1,4,4,1,4,4,4,4,4,1,4,4,4,4,4,4,4,1,0,4,4,4,4,4,,4,4,4,4,4,3,4,3,4,1,4,4,4,4,1,4,0,4,4,4,3,4,1,4,4,4,4,4,4,4,4,4,4,4,4,4,1,4,4,4,4,4,4,4,4,4,1,1,4,1,4,4,4,1,1,4,0,4,4,4,4,4,1,3,4,4,1,4,4,1,4,4,4,4,4,4,1,4,4,4,4,0,4,4,4,4,4,4,1,4,4,0,1,4,4,4,4,1,4,0,4,4,4,4,4,4,1,4,2,1,4,4,4,4,4,3,1,4,4,1,1,4,4,4,4,4,1,0,4,4,4,4,4,4,4,4,4,4,4,1,4
Estonia,EST,Europe,4,0,4,0,4,0,0,0,3,0,3,0,1,1,0,0,0,0,4,4,0,0,0,0,0,0,1,4,1,4,0,1,4,4,0,4,0,1,0,0,4,0,0,4,0,1,0,0,0,1,0,4,4,,4,0,0,0,3,4,0,0,4,0,0,0,4,1,4,0,0,0,0,3,0,1,4,0,0,0,4,1,0,1,0,3,0,3,0,1,0,1,4,4,4,0,0,0,0,1,1,0,1,4,0,0,1,0,0,0,0,0,4,0,0,1,3,4,4,1,0,0,0,4,4,4,0,1,4,0,0,1,0,0,0,0,0,4,4,0,4,4,0,0,0,0,0,4,0,0,0,4,0,0,0,0,4,4,0,4,0,2,4,1,0,0,0,4,0,1,1,0,0,1,0,0,0,0,4,0,1,0,0,0,2,0,4,0,0,0,4,4,1,1
Ethiopia,ETH,Africa,4,4,4,4,4,3,4,4,3,4,4,4,4,4,4,4,4,4,0,4,1,4,4,4,4,4,4,4,1,4,4,1,4,4,4,4,4,1,4,4,4,4,4,4,4,1,0,4,4,4,4,4,4,4,,4,4,4,3,4,3,4,1,4,4,4,4,1,4,0,4,4,4,4,4,1,4,4,4,4,4,4,4,4,4,0,4,5,4,1,4,4,4,4,4,4,4,4,4,1,4,4,1,4,4,4,1,1,4,0,4,4,4,4,4,1,4,4,4,4,4,4,1,4,4,4,4,4,4,1,4,4,4,4,0,4,4,4,4,4,4,1,4,1,0,1,4,4,0,4,1,4,0,4,4,4,4,4,4,1,4,2,4,4,4,4,4,4,4,1,4,1,1,1,4,4,4,4,4,1,1,4,4,4,4,4,4,4,4,4,4,4,4,4
Fiji,FJI,Oceania,4,4,4,4,4,0,4,1,3,4,4,0,4,0,0,4,4,4,4,4,1,4,4,4,4,4,4,4,1,4,4,1,4,4,0,0,0,1,0,4,4,4,4,4,4,1,0,4,0,1,0,4,4,4,4,,4,4,4,0,3,4,4,4,4,0,4,1,4,0,0,4,4,3,0,1,4,0,0,4,4,0,4,1,4,0,0,4,4,1,4,4,4,4,4,4,4,4,4,1,0,0,1,4,4,1,1,0,4,0,4,4,4,4,4,1,3,4,1,1,4,4,0,4,4,4,4,4,4,1,0,1,4,0,0,4,4,4,4,4,0,4,0,0,0,1,4,4,0,4,1,4,0,4,4,1,4,4,0,4,4,1,4,4,4,4,4,4,4,4,1,1,1,1,1,4,0,4,4,1,0,4,4,4,4,4,4,0,4,4,4,4,0,0
Finland,FIN,Europe,4,0,4,0,4,0,0,0,3,0,3,0,1,1,0,0,0,0,4,4,0,0,0,0,0,0,1,4,1,4,0,1,4,4,0,4,0,1,0,0,4,0,0,4,0,1,0,0,0,1,0,4,4,0,1,0,,0,3,0,0,0,4,0,0,0,4,1,0,0,0,0,0,3,0,1,4,0,0,0,3,0,0,1,0,3,0,3,0,1,0,1,0,4,4,0,0,0,0,1,1,0,1,4,0,0,1,0,0,0,0,0,4,0,0,1,3,0,4,1,0,0,0,4,4,4,0,1,4,0,0,1,0,0,0,0,0,1,4,0,4,3,0,0,0,0,0,4,0,0,0,4,0,0,0,0,4,0,0,4,0,2,4,1,0,0,0,4,0,1,1,0,0,1,0,0,0,0,4,0,1,0,0,0,2,0,4,0,0,0,0,4,1,1
France,FRA,Europe,4,0,4,0,4,0,0,0,3,0,3,0,1,1,0,0,0,0,4,4,0,0,0,0,0,0,1,4,1,4,0,1,4,4,0,4,0,1,0,0,4,0,0,4,0,1,0,0,0,1,0,4,4,0,1,0,0,,3,1,0,0,4,0,0,0,4,1,0,0,0,0,0,3,0,1,4,0,0,0,4,0,0,1,0,3,0,3,0,1,0,1,0,4,4,0,0,0,0,1,1,0,1,4,0,0,1,0,0,0,0,0,4,0,0,1,3,0,4,1,0,0,0,4,4,4,0,1,4,0,0,1,0,0,0,0,0,1,4,0,4,4,0,0,0,0,0,4,0,0,0,4,0,0,0,0,4,0,0,4,0,2,4,1,0,0,0,4,0,1,1,0,0,1,0,0,0,0,4,0,1,0,0,0,2,0,4,0,0,0,0,4,1,1
Gabon,GAB,Africa,4,4,4,4,4,3,4,4,3,4,4,4,3,0,4,4,4,4,0,4,1,4,4,4,4,4,4,4,1,4,4,1,4,0,4,4,4,1,4,4,4,4,4,4,4,1,0,4,0,4,4,4,4,4,4,4,4,4,,4,4,4,1,4,4,4,4,1,4,0,4,4,4,3,0,1,4,4,4,4,4,4,4,4,4,3,4,4,4,1,4,4,4,4,4,4,4,4,4,1,1,0,1,4,4,4,1,0,4,0,4,4,4,4,0,1,4,4,4,1,4,4,1,4,4,4,4,4,4,1,0,4,4,4,0,4,4,4,1,4,4,1,3,1,0,1,4,4,0,4,1,4,0,4,4,4,4,0,4,4,4,2,4,4,4,4,4,4,0,4,1,4,1,1,4,4,0,4,4,1,1,4,4,4,4,4,4,4,4,4,4,4,3,3
Gambia,GMB,Africa,4,4,4,4,4,3,4,4,3,4,4,0,4,0,0,4,4,0,0,4,1,4,0,4,4,4,0,4,1,4,4,0,4,4,4,4,4,1,4,4,4,4,4,4,4,1,0,4,0,4,4,4,4,4,4,0,4,4,3,,3,4,0,4,0,4,0,0,4,0,4,4,4,3,0,1,4,4,4,4,0,0,4,4,4,0,4,4,4,1,4,4,0,0,4,4,4,4,4,1,0,0,1,0,4,4,0,0,4,0,4,4,4,4,4,1,4,4,4,1,4,4,1,0,0,4,4,4,4,1,4,4,4,4,0,4,4,4,4,4,4,1,0,1,0,1,4,4,0,4,1,0,0,4,4,4,4,4,4,4,4,3,4,4,1,4,4,4,3,4,1,4,1,0,4,0,0,4,4,1,0,4,4,4,4,4,4,0,4,4,4,4,3,3
Georgia,GEO,Asia,4,4,4,0,4,0,0,0,3,0,0,0,4,1,0,0,0,4,4,4,1,4,4,0,4,0,4,4,1,4,4,1,4,4,0,4,0,1,4,0,4,0,0,4,0,1,0,4,0,1,4,4,4,0,4,4,0,0,3,4,,0,4,0,0,4,4,1,4,0,4,0,0,3,0,0,4,4,0,0,4,1,4,1,0,3,4,3,0,1,0,1,4,4,4,0,0,0,4,1,1,0,1,4,0,1,1,1,4,0,0,0,0,4,4,1,3,4,4,1,0,4,1,4,4,4,0,4,4,1,0,4,4,4,4,0,0,4,4,0,4,3,3,4,0,1,0,4,4,4,1,4,4,0,0,4,4,4,4,4,0,2,4,4,4,0,0,4,3,0,1,4,1,1,4,4,4,0,4,1,1,0,4,4,4,0,0,4,0,4,4,4,1,3
Germany,DEU,Europe,4,0,4,0,4,0,0,0,3,0,3,0,1,1,0,0,0,0,4,4,0,0,0,0,0,0,1,4,1,4,0,1,4,4,0,4,0,1,0,0,4,0,0,4,0,1,0,1,0,1,0,4,4,0,1,0,0,0,3,0,0,,4,0,0,0,4,1,0,0,0,0,0,3,0,1,4,0,0,0,4,0,0,1,0,3,0,3,0,1,0,1,0,4,4,0,0,0,0,1,1,0,1,4,0,0,1,0,0,0,0,0,0,0,0,1,3,0,4,1,0,0,0,4,4,4,0,1,4,0,0,1,0,0,0,0,0,1,4,0,4,1,0,0,0,0,0,4,0,0,0,4,0,0,0,0,4,0,0,4,0,2,4,1,0,0,0,4,0,1,1,0,0,1,0,0,0,0,4,0,1,0,0,0,2,0,4,0,0,0,0,4,1,1
Ghana,GHA,Africa,4,4,4,4,4,3,4,4,3,4,4,4,3,0,0,4,4,0,0,4,1,4,4,4,4,4,0,4,1,4,4,0,4,4,4,4,4,1,4,4,4,4,4,4,4,1,0,4,0,4,4,4,4,4,4,0,4,4,3,0,3,4,,4,0,4,0,0,4,0,4,4,4,3,0,1,4,4,4,4,0,0,4,4,4,0,4,4,4,4,4,4,4,0,4,4,4,4,4,1,4,4,1,0,4,4,1,0,4,0,4,4,4,4,4,1,3,4,4,4,4,4,1,0,0,4,4,4,4,1,4,4,4,4,0,4,4,4,4,4,4,1,0,1,0,1,4,4,0,4,1,0,0,4,4,4,4,4,4,4,4,4,4,4,0,4,4,4,4,4,0,4,1,0,4,0,4,4,4,1,0,4,4,4,4,4,4,4,4,4,4,4,1,0
Greece,GRC,Europe,4,0,4,0,4,0,0,0,3,0,3,0,1,1,0,0,0,0,4,4,0,0,0,0,0,0,1,4,1,4,0,1,4,4,0,4,0,1,0,0,4,0,0,4,0,1,0,0,0,1,0,4,4,0,1,0,0,0,3,0,0,0,4,,0,0,4,1,4,0,0,0,0,3,0,1,4,0,0,0,4,0,0,1,0,3,0,3,0,1,0,1,4,4,4,0,0,0,0,1,1,0,1,4,0,0,1,0,0,0,0,0,4,0,0,1,3,4,4,1,0,0,0,4,4,4,0,1,4,0,0,1,0,0,0,0,0,1,4,0,4,4,0,0,0,0,0,4,0,0,0,4,0,0,0,0,4,0,0,4,0,2,4,1,0,0,0,4,0,1,1,0,0,1,0,0,0,0,4,0,1,0,0,0,2,0,4,0,0,0,3,4,1,1
Grenada,GRD,North America,4,4,4,0,4,0,0,1,3,0,4,0,3,0,0,4,0,0,4,4,1,4,0,0,4,0,4,4,1,4,4,1,4,4,0,0,0,1,0,0,0,0,0,4,0,1,0,0,0,1,4,4,4,0,4,0,0,0,3,0,3,0,4,0,,4,4,1,0,0,4,0,0,3,0,1,4,0,0,0,4,0,4,1,4,0,0,4,4,1,0,4,0,4,4,0,0,0,4,1,0,0,1,4,0,4,1,0,4,0,4,0,4,0,4,1,4,4,4,1,0,4,1,4,4,4,0,4,4,1,0,4,4,0,0,0,0,4,4,0,4,4,0,0,0,1,0,4,0,4,1,4,0,0,0,1,1,4,0,4,0,2,4,0,0,0,0,4,4,4,0,4,1,1,4,0,4,3,4,1,0,1,4,0,4,0,4,0,0,0,4,4,0,0
Guatemala,GTM,North America,4,0,4,0,4,3,0,1,3,0,3,0,4,4,4,4,0,0,4,4,1,0,4,0,4,0,4,4,1,4,4,1,4,4,0,4,0,1,0,0,4,0,0,4,0,1,0,0,0,4,0,4,4,0,4,4,0,0,3,4,3,0,4,0,4,,4,1,4,0,0,0,0,3,0,1,4,0,0,0,4,0,0,1,4,3,4,4,4,1,0,4,4,4,4,0,0,0,0,1,1,0,1,4,0,4,1,0,4,0,4,0,4,0,4,1,4,4,4,1,0,4,0,4,4,4,0,4,4,1,0,4,0,4,0,0,0,4,4,0,0,3,0,1,0,1,0,4,1,4,1,4,0,0,0,1,1,4,0,4,0,2,4,1,4,0,0,4,4,4,1,4,1,1,4,0,4,0,4,1,1,1,4,0,4,0,4,4,0,0,4,4,1,3
Guinea,GIN,Africa,4,4,4,4,4,3,4,4,3,4,4,4,5,0,4,4,4,4,0,4,1,4,4,4,4,4,0,4,1,4,4,0,4,4,4,4,4,1,4,4,4,4,4,4,4,1,0,4,0,1,4,4,4,4,4,4,4,4,3,0,4,4,0,4,4,4,,0,4,0,4,4,4,3,4,1,4,4,4,4,0,4,4,4,4,3,4,4,4,4,4,4,4,0,4,4,4,4,4,1,1,0,1,0,4,4,1,5,4,0,4,4,5,4,0,1,3,4,4,1,4,4,1,0,0,4,4,4,4,1,4,5,4,4,0,4,4,4,4,4,4,1,3,1,0,1,4,4,0,4,1,0,0,4,4,4,4,4,4,4,4,3,4,4,4,4,4,4,3,4,1,4,1,0,4,4,0,4,4,1,1,4,4,4,4,4,4,4,4,4,4,4,3,3
Guinea-Bissau,GNB,Africa,4,4,4,4,4,3,4,4,3,4,4,4,4,0,4,4,4,4,0,4,1,4,4,4,4,4,0,4,1,4,4,0,4,4,4,4,4,1,4,4,4,4,4,4,4,1,0,4,0,4,4,4,4,4,4,4,4,4,3,0,3,4,0,4,4,4,0,,4,0,4,4,4,4,4,1,4,4,4,4,0,4,4,4,4,3,4,4,4,4,4,4,4,0,4,4,4,4,4,1,1,4,1,0,4,4,1,1,4,0,4,4,4,4,4,1,4,4,4,1,4,4,1,0,0,4,4,4,4,1,4,4,4,4,0,4,4,4,4,4,4,1,3,1,0,1,4,4,0,4,1,0,0,4,4,4,4,4,4,4,4,3,4,4,4,4,4,4,0,4,1,4,1,0,4,4,0,4,4,1,1,4,4,4,4,4,4,4,4,4,4,4,3,3
Guyana,GUY,South America,4,4,4,4,4,0,0,1,3,4,4,0,1,1,0,4,4,0,4,4,1,4,0,0,4,4,4,4,3,4,4,1,4,4,0,4,0,1,0,4,4,4,4,4,4,1,0,4,0,1,4,4,4,4,4,0,4,4,3,0,4,4,4,4,0,4,4,1,,0,4,4,4,3,0,1,4,0,4,4,4,0,4,1,4,3,4,4,4,1,4,4,0,4,4,4,4,4,4,1,1,0,1,4,4,4,1,0,4,0,4,4,4,4,4,1,4,4,4,1,4,4,1,4,4,4,4,4,4,1,0,4,4,0,0,4,4,4,4,4,0,3,0,0,0,1,4,4,4,4,1,4,0,4,4,1,4,0,0,4,4,2,4,0,0,4,4,4,3,4,1,4,1,1,4,0,4,4,4,1,1,4,4,4,4,0,4,0,4,4,4,0,1,1
Haiti,HTI,North America,4,4,4,4,4,3,0,1,3,4,4,4,4,4,4,4,4,4,4,4,1,4,4,4,4,4,4,4,1,4,4,1,4,4,0,4,4,1,4,4,4,4,4,4,4,1,4,4,4,4,4,4,4,4,4,4,4,4,3,0,3,4,4,4,4,4,4,1,4,,4,4,4,3,0,1,4,4,0,4,4,4,4,1,4,3,4,4,4,1,4,4,4,4,4,4,4,4,4,1,4,0,1,4,4,4,1,1,4,0,4,4,4,4,4,1,4,4,4,1,4,4,4,4,4,4,4,4,4,1,4,4,4,4,0,4,4,4,4,4,4,4,4,4,0,1,4,4,1,4,1,4,0,4,4,4,1,4,0,4,4,2,4,1,4,4,4,4,4,4,1,4,1,1,4,4,4,3,4,1,1,4,4,4,4,4,4,4,4,4,4,4,1,4
Honduras,HND,North America,4,0,4,0,4,3,0,1,3,0,4,0,4,4,4,4,0,0,4,4,1,0,4,0,4,0,4,4,1,4,4,1,4,4,0,4,0,1,0,0,4,0,0,4,0,1,0,0,0,4,0,4,4,0,4,4,0,0,3,0,0,0,4,0,4,0,4,1,4,0,,0,0,3,0,1,4,0,0,0,4,4,0,1,4,3,4,4,4,1,0,4,4,4,4,0,0,0,0,1,4,0,1,4,0,4,1,0,4,0,4,0,4,0,4,1,4,4,4,1,0,4,0,4,4,4,0,4,4,1,0,4,0,0,0,0,0,4,4,0,0,4,0,1,0,1,0,4,1,4,1,4,0,0,0,1,1,4,0,4,0,2,4,1,4,0,0,4,4,4,1,4,1,1,4,0,0,0,4,1,1,1,4,0,4,0,4,4,0,4,4,4,1,3
Hungary,HUN,Europe,4,0,4,0,4,0,0,0,3,0,3,0,1,1,0,0,0,0,4,4,0,0,0,0,0,0,1,4,1,4,0,1,4,4,0,4,0,1,0,0,4,0,0,4,0,1,0,0,0,1,0,4,4,0,4,0,0,0,3,0,0,0,4,0,0,0,4,1,4,0,0,,0,3,0,1,4,0,0,0,3,0,0,1,0,3,0,3,0,1,0,1,4,4,4,0,0,0,0,1,1,0,1,4,0,0,1,0,0,0,0,0,4,0,0,1,3,4,4,1,0,0,0,4,4,4,0,1,4,0,0,1,0,0,0,0,0,1,4,0,4,3,0,0,0,0,0,4,0,0,0,4,0,0,0,0,4,0,0,4,0,2,4,1,0,0,0,4,0,1,1,0,0,1,0,0,0,0,4,0,1,0,0,0,2,0,4,0,0,0,3,4,1,1
Iceland,ISL,Europe,4,0,4,0,4,0,0,0,3,0,3,0,1,1,0,0,0,0,4,4,0,0,0,0,0,0,1,4,1,4,0,1,4,4,0,4,0,1,0,0,4,0,0,4,0,1,0,0,0,1,0,4,4,0,4,0,0,0,3,0,0,0,4,0,0,0,4,1,4,0,0,0,,3,0,1,4,0,0,0,4,0,0,1,0,3,0,3,0,1,0,1,0,4,4,0,0,0,0,1,1,0,1,4,0,0,1,0,0,0,0,0,4,0,0,1,3,0,4,1,0,0,0,4,4,4,0,1,0,1,0,1,0,0,0,0,0,1,4,0,4,4,0,0,0,1,0,4,0,0,0,4,0,0,0,1,4,0,0,4,0,2,4,1,4,0,0,4,4,1,1,0,0,1,0,0,0,0,4,0,1,0,0,0,2,0,4,4,0,0,4,4,1,1
India,IND,Asia,4,4,4,4,4,3,4,4,4,4,3,4,3,4,4,4,4,4,4,0,1,4,4,4,4,4,4,4,1,4,4,1,4,4,4,4,4,1,4,4,4,4,4,4,4,4,0,4,0,4,0,4,4,4,1,0,4,4,3,4,3,4,4,4,0,4,4,1,1,0,4,4,4,,0,4,4,4,4,4,3,0,4,1,4,3,4,4,4,1,4,4,4,4,4,4,4,4,4,1,1,3,0,4,4,1,1,0,4,0,4,4,4,4,4,1,3,4,4,0,4,4,4,4,4,4,4,4,4,1,4,4,4,4,4,4,4,4,4,4,4,3,0,1,0,1,4,4,0,4,1,4,3,4,4,4,4,4,4,4,4,2,4,1,4,4,4,4,3,3,1,1,1,1,4,0,4,4,4,1,1,1,4,4,4,4,4,0,4,4,4,4,3,3
Indonesia,IDN,Asia,4,4,4,4,4,3,4,1,4,4,1,4,3,4,4,0,4,4,4,4,4,4,4,4,0,4,4,4,0,4,4,1,4,4,0,4,0,1,4,4,4,4,4,4,4,1,0,4,0,4,4,4,4,4,4,0,4,4,3,0,3,4,4,4,4,4,4,1,0,0,4,4,4,3,,1,4,4,4,4,3,4,0,1,4,3,4,4,1,0,4,4,4,4,4,4,4,4,4,1,1,0,1,4,4,1,1,4,4,0,3,4,4,4,0,1,0,4,4,1,4,4,1,4,4,4,4,1,4,1,4,1,4,0,0,4,4,4,4,4,4,3,3,4,0,1,4,4,4,4,1,4,0,4,4,4,4,4,4,4,4,2,4,1,4,4,4,4,3,1,1,0,1,1,4,4,4,3,4,1,1,1,4,4,4,4,4,4,4,4,0,4,3,1
Iran,IRN,Asia,4,4,4,4,4,3,4,0,3,4,3,4,4,4,4,4,4,4,4,4,1,4,4,4,4,4,4,4,1,4,4,1,4,4,4,4,4,1,4,4,4,4,4,4,4,1,0,4,0,4,4,4,4,4,4,4,4,4,3,4,0,4,4,4,4,4,4,1,4,0,4,4,4,4,4,,4,4,4,4,3,4,4,4,4,3,4,4,4,1,4,1,4,4,5,4,4,4,4,1,4,0,1,4,4,4,1,4,4,0,4,4,4,4,4,1,4,4,4,1,4,4,0,4,4,4,4,4,4,1,4,4,4,4,4,4,4,4,4,4,4,3,3,4,4,1,4,4,4,4,1,4,4,4,4,4,4,4,4,4,4,2,4,4,4,4,4,1,3,1,1,4,1,1,4,4,4,0,4,1,1,4,4,4,4,4,4,4,4,0,4,4,3,1
Iraq,IRQ,Asia,4,4,4,4,4,3,4,4,3,4,4,4,4,4,4,4,4,4,4,4,4,4,4,4,4,4,4,4,4,4,4,1,4,4,4,4,4,1,4,4,4,4,4,4,4,1,0,4,0,4,4,4,4,4,4,4,4,4,3,4,4,4,4,4,4,4,4,1,4,0,4,4,4,4,4,4,,4,4,4,4,4,4,4,4,4,4,4,4,1,4,4,4,4,4,4,4,4,4,1,4,0,1,4,4,4,1,4,4,0,4,4,4,4,4,1,4,4,4,4,4,4,4,4,4,4,4,4,4,1,4,4,4,4,4,4,4,4,4,4,4,3,3,4,4,1,4,4,4,4,1,4,4,4,4,4,4,4,4,4,4,2,4,4,4,4,4,4,3,4,1,4,1,1,4,4,4,4,4,1,1,4,4,4,4,4,4,4,4,4,4,1,3,3
Ireland,IRL,Europe,4,0,4,0,4,0,0,0,3,0,3,0,3,1,0,0,0,0,4,4,0,0,0,0,0,0,1,4,1,4,0,1,4,4,0,4,0,1,0,0,4,0,0,4,0,1,0,0,0,1,0,4,4,0,1,0,0,0,3,0,0,0,4,0,0,0,4,1,0,0,0,0,0,3,0,1,4,,0,0,3,0,0,1,0,3,0,3,0,1,0,1,0,4,4,0,0,0,0,1,0,0,1,4,0,1,1,0,0,0,0,0,4,0,0,1,3,0,4,1,0,0,0,4,4,4,0,1,4,1,0,1,0,0,0,0,0,1,4,0,4,3,0,0,0,1,0,4,0,0,1,4,0,0,0,1,4,0,0,4,0,2,4,4,0,0,0,4,0,1,1,0,1,1,1,0,0,3,4,1,1,0,1,0,2,0,4,0,0,0,3,4,0,1
Israel,ISR,Asia,4,0,5,0,4,3,0,1,3,0,1,0,4,5,0,0,0,0,4,4,4,0,0,0,5,0,4,4,1,4,0,1,0,4,0,4,0,1,0,0,4,0,0,4,0,1,0,0,0,4,0,4,4,0,1,0,0,0,3,4,0,0,4,0,0,0,4,1,4,0,0,0,0,3,4,5,5,0,,0,4,0,0,1,0,3,4,5,1,1,0,5,0,4,5,0,0,0,0,1,0,4,1,4,0,1,1,0,0,0,0,0,0,0,4,1,3,4,0,1,0,0,0,4,4,4,0,5,5,0,0,1,0,0,0,0,0,4,4,0,0,1,0,0,0,1,0,5,1,0,1,4,0,0,0,1,4,0,0,4,0,2,5,0,0,0,0,5,3,1,1,0,1,1,1,0,4,0,4,1,1,0,5,0,4,0,4,0,0,4,4,5,1,1
Italy,ITA,Europe,4,0,4,0,4,0,0,0,3,0,3,0,1,1,0,0,0,0,4,4,0,0,0,0,0,0,1,4,1,4,0,1,4,4,0,4,0,1,0,0,4,0,0,4,0,1,0,0,0,1,0,4,4,0,1,0,0,0,3,0,0,0,4,0,0,0,4,1,0,0,0,0,0,3,0,1,4,0,0,,3,0,0,1,0,3,0,3,0,1,0,1,0,4,4,0,0,0,0,1,1,0,1,4,0,0,1,0,0,0,0,0,4,0,0,1,3,0,4,1,0,0,0,4,4,4,0,1,4,0,0,1,0,0,0,0,0,1,4,0,4,4,0,0,0,0,0,4,0,0,0,4,0,0,0,0,4,0,0,4,0,2,4,1,0,0,0,4,0,1,1,0,0,1,0,0,0,0,4,0,1,0,0,0,2,0,4,0,0,0,0,4,1,1
Ivory Coast,CIV,Africa,4,4,4,4,4,3,4,4,3,4,4,4,3,4,4,4,4,4,0,4,1,4,4,4,4,4,0,4,1,4,4,0,0,0,4,4,4,1,4,4,4,4,4,4,4,1,0,4,0,4,4,4,4,4,4,4,4,4,3,0,4,4,0,4,4,4,0,0,4,0,4,4,4,3,0,1,4,4,4,4,,4,4,4,4,3,4,4,4,4,4,4,4,0,4,4,4,4,4,1,4,4,1,0,4,4,0,1,4,0,4,4,4,4,0,1,3,4,4,1,4,4,1,0,0,4,4,4,4,1,4,4,4,4,0,4,4,4,0,4,4,1,4,1,0,1,4,4,0,4,1,0,0,4,4,4,4,4,4,4,4,2,4,4,0,4,4,4,4,4,1,4,1,0,4,4,0,4,4,1,1,4,4,4,4,4,4,4,4,4,4,4,4,4
Jamaica,JAM,North America,4,4,4,4,4,0,0,1,3,4,4,0,3,0,0,4,4,0,4,4,1,4,0,0,4,4,4,4,1,4,4,1,4,4,0,4,0,1,4,4,4,4,4,4,4,1,0,0,0,4,4,4,4,4,4,0,4,4,3,0,3,4,4,4,0,4,4,1,0,0,4,4,4,3,0,1,4,4,0,4,3,,4,1,4,0,0,4,4,1,4,4,0,0,4,4,4,4,4,1,0,0,1,4,4,4,1,0,0,0,4,4,4,4,4,1,3,4,4,1,4,4,1,0,4,4,4,4,4,1,0,4,4,0,0,4,4,4,4,4,4,3,0,0,0,1,4,4,1,4,1,0,0,4,4,4,4,0,0,4,4,2,4,0,0,4,4,4,3,4,0,4,1,1,4,0,4,3,4,1,0,4,4,4,4,0,4,0,4,0,4,4,0,0
Japan,JPN,Asia,4,0,4,0,4,0,0,1,2,0,1,0,1,1,0,0,0,0,4,4,0,0,0,4,0,0,4,4,1,4,0,0,4,4,0,0,0,1,0,0,4,0,0,4,0,1,0,0,0,1,0,4,4,0,1,0,0,0,3,4,0,0,4,0,0,0,4,1,0,0,0,0,0,1,0,1,4,0,0,0,4,0,,1,0,3,0,3,0,0,0,1,0,4,4,0,0,0,0,1,1,0,1,4,0,1,1,0,0,0,0,0,0,0,0,1,3,0,4,1,0,0,0,4,4,4,0,1,4,1,0,1,0,0,0,0,0,1,4,0,4,4,0,0,0,1,0,4,0,0,1,4,0,0,0,1,4,0,0,4,0,2,4,0,0,0,0,4,4,1,1,0,1,1,1,0,0,0,4,1,1,0,1,0,2,0,4,0,0,0,0,4,1,1
Jordan,JOR,Asia,4,4,4,4,4,3,4,1,3,4,3,4,3,4,4,4,4,4,4,4,1,4,4,4,4,4,4,4,1,4,4,1,4,4,4,4,4,1,4,4,4,4,4,4,4,1,0,4,0,0,4,4,4,4,4,4,4,4,3,4,0,4,4,4,4,4,4,1,4,0,4,4,4,3,0,4,4,4,4,4,4,4,4,,4,3,4,4,4,4,4,0,4,4,0,4,4,4,4,1,1,0,1,4,4,4,1,1,4,0,4,4,4,4,4,1,3,4,4,1,4,4,1,4,4,4,4,4,4,1,4,4,4,4,4,4,4,4,4,4,4,3,0,4,4,1,4,4,4,4,1,4,4,4,4,4,4,0,4,4,4,2,4,4,4,4,4,4,3,1,1,4,1,1,4,4,0,0,4,1,1,4,4,4,4,4,4,4,4,4,4,1,3,3
Kazakhstan,KAZ,Asia,4,0,4,4,4,0,0,0,3,4,0,4,1,1,0,0,4,4,4,4,1,4,4,0,4,4,4,4,1,4,4,1,4,4,4,4,0,1,0,4,4,4,4,4,4,1,0,0,0,1,4,4,4,4,4,4,4,4,3,4,0,4,4,4,1,4,4,1,4,0,4,4,4,4,0,1,4,4,4,4,4,1,4,1,,3,4,4,0,1,4,1,4,4,4,4,4,4,0,1,4,0,1,4,4,4,1,1,4,0,0,4,0,4,4,1,3,0,4,1,4,4,1,4,4,4,4,4,4,1,4,4,4,4,0,4,4,4,4,4,0,4,4,4,0,1,4,4,4,0,1,4,3,4,4,4,4,4,0,4,4,2,4,4,4,4,4,4,4,0,4,1,1,1,4,4,0,0,4,1,1,0,4,4,4,4,0,4,4,4,3,4,1,1
Kenya,KEN,Africa,4,4,4,4,4,0,4,4,3,4,4,0,3,4,0,4,4,4,0,4,1,4,0,4,4,4,1,0,1,4,4,1,4,4,4,4,4,1,4,4,4,4,4,1,4,1,0,4,4,4,4,4,4,4,0,0,4,4,3,0,3,4,0,4,0,4,4,1,4,0,4,4,4,3,0,1,4,4,4,4,4,0,4,4,4,,0,4,4,1,4,4,0,4,4,4,4,4,4,1,0,0,1,1,4,4,1,0,4,0,4,4,4,4,4,1,4,0,4,1,4,4,4,4,1,4,4,4,4,1,0,4,4,4,0,4,4,4,4,4,4,0,0,1,0,1,4,4,0,4,1,1,0,4,4,4,4,4,4,1,4,2,1,4,0,4,4,4,3,4,0,4,1,1,4,0,4,4,4,1,0,4,4,4,4,4,4,0,4,4,4,4,0,0
Kiribati,KIR,Oceania,4,4,4,0,4,0,4,1,3,0,4,0,4,1,4,4,0,4,4,4,1,4,0,4,4,0,4,4,1,4,4,1,4,4,4,4,4,1,0,0,4,0,0,4,0,1,0,1,0,1,4,4,4,0,4,0,0,0,4,0,3,0,4,0,0,4,4,1,4,0,4,0,0,3,0,1,4,0,4,0,4,0,4,1,4,0,,4,4,1,0,4,0,4,4,0,0,0,4,1,0,0,1,4,0,1,1,0,4,0,4,0,4,4,4,1,3,4,1,1,0,4,1,4,4,4,0,4,4,1,0,1,4,0,0,0,0,4,4,0,4,4,0,0,0,0,0,4,1,4,1,4,0,0,0,4,4,4,0,4,0,1,4,4,4,0,0,4,4,4,0,4,1,1,1,0,0,4,4,1,1,4,4,0,4,4,4,0,0,4,4,4,0,0
Kuwait,KWT,Asia,4,0,4,4,4,3,4,1,3,4,1,0,0,1,4,0,4,4,4,4,1,0,0,4,1,4,4,4,1,4,4,1,4,4,4,4,4,1,4,4,4,4,4,4,4,1,0,4,0,0,0,4,4,4,1,4,4,4,3,4,0,4,4,4,4,0,4,1,4,0,0,4,4,4,0,1,4,4,4,4,4,4,4,0,4,3,4,,0,1,4,0,4,4,4,4,4,4,4,1,1,0,1,4,4,1,1,0,4,0,4,4,4,0,0,1,3,4,4,1,4,0,0,4,4,4,4,0,4,1,0,4,4,4,0,4,4,0,4,4,4,3,0,0,0,1,4,0,1,0,1,4,0,4,4,1,4,4,0,4,4,2,0,4,0,4,4,0,3,1,1,0,1,1,4,4,0,3,4,1,1,1,0,3,4,4,4,0,4,4,4,1,3,1
Kyrgyzstan,KGZ,Asia,4,4,4,4,4,0,4,0,3,4,0,4,4,1,0,0,4,4,4,4,1,4,4,4,4,4,4,4,1,4,4,1,4,4,4,4,4,1,4,4,4,4,4,4,4,1,0,4,0,4,4,4,4,4,4,4,4,4,3,4,0,4,4,4,1,4,4,1,4,0,4,4,4,4,0,1,4,4,4,4,4,1,4,1,0,3,4,4,,1,4,1,4,4,4,4,4,4,4,1,1,0,1,4,4,4,1,1,4,0,0,4,0,4,4,1,4,0,4,1,4,4,1,4,4,4,4,4,4,1,4,4,4,4,0,4,4,4,4,4,0,4,4,1,0,1,4,4,4,4,1,4,4,4,4,4,1,4,4,4,4,2,4,4,4,4,4,4,4,0,4,4,1,1,4,4,4,0,4,1,1,0,4,4,4,4,0,4,4,4,0,4,3,1
Laos,LAO,Asia,4,4,4,4,4,3,4,4,3,4,4,4,4,1,4,4,4,4,4,4,4,4,4,4,0,4,4,4,0,4,4,1,4,4,4,4,4,1,4,4,4,4,4,4,4,1,0,4,0,4,4,4,4,4,4,4,4,4,3,0,3,4,4,4,4,4,4,1,4,0,4,4,4,3,0,1,4,4,4,4,4,4,4,4,4,3,4,3,4,,4,4,4,4,4,4,4,4,4,1,1,0,1,4,4,4,1,4,4,0,4,4,0,4,4,1,0,4,4,1,4,4,1,4,4,4,4,4,4,1,4,4,4,4,0,4,4,4,4,4,4,4,3,4,0,1,4,4,4,4,1,4,0,4,4,4,1,4,4,4,4,3,4,4,4,4,4,4,3,4,1,0,1,1,4,4,4,4,4,1,1,4,4,4,4,4,4,4,4,4,0,4,1,3
Latvia,LVA,Europe,4,0,4,0,4,0,0,0,3,0,3,0,1,1,0,0,0,0,4,4,0,0,0,0,0,0,1,4,1,4,0,1,4,4,0,4,0,1,0,0,4,0,0,4,0,1,0,0,0,1,0,4,4,0,4,0,0,0,3,0,0,0,4,0,0,0,4,1,4,0,0,0,0,3,0,1,4,0,0,0,4,1,0,1,0,3,0,3,0,1,,1,4,4,4,0,0,0,0,1,1,0,1,4,0,0,1,0,0,0,0,0,4,0,0,1,3,4,4,1,0,0,0,4,4,4,0,1,4,0,0,1,0,0,0,0,0,4,4,0,4,4,0,0,0,0,0,4,0,0,0,4,0,0,0,0,4,4,0,4,0,2,4,1,0,0,0,4,0,1,1,1,0,1,0,0,0,0,4,0,1,0,0,0,2,0,4,0,0,0,4,4,1,1
Lebanon,LBN,Asia,4,4,4,4,4,3,4,1,3,4,4,4,4,1,4,4,4,4,4,4,1,4,4,4,4,4,4,4,1,4,4,1,4,4,4,4,3,1,4,4,4,4,4,4,4,1,0,4,0,4,4,4,4,4,4,4,4,4,3,4,0,4,4,4,4,4,4,1,4,0,4,4,4,4,0,0,4,4,4,4,3,4,4,0,4,4,4,4,4,1,4,,4,4,4,4,4,4,4,1,4,0,1,4,4,4,1,1,4,0,3,4,4,4,4,1,4,4,4,1,4,4,4,4,3,4,4,1,4,1,4,4,4,4,4,4,4,4,4,3,4,3,3,4,4,1,4,4,4,4,1,4,4,4,4,4,4,4,3,4,4,1,4,4,4,4,4,0,3,1,4,4,1,1,4,4,4,0,4,1,1,4,4,4,4,4,4,4,4,4,4,4,3,3
Lesotho,LSO,Africa,4,4,4,4,4,0,4,4,3,4,4,0,4,0,0,4,4,0,0,4,1,4,0,4,4,4,4,4,1,4,4,1,4,4,4,4,4,1,4,4,4,4,4,4,4,1,0,4,0,4,4,4,4,4,4,0,4,4,3,0,3,4,1,4,0,4,4,1,4,0,4,4,4,3,0,1,4,0,0,4,4,0,0,1,4,0,0,4,4,4,4,4,,4,4,4,4,4,4,1,0,0,1,4,4,4,1,0,4,0,4,4,4,4,4,1,4,0,4,1,4,4,1,4,4,4,4,4,4,1,4,4,4,4,0,4,4,4,4,4,4,1,0,0,0,1,4,4,0,4,1,4,0,4,4,4,1,0,0,4,4,2,4,4,0,4,4,4,3,4,0,4,1,1,4,0,4,4,4,1,0,4,4,4,4,4,4,0,4,4,4,4,0,0
Liberia,LBR,Africa,4,4,4,4,4,3,4,4,3,4,4,4,5,1,4,4,4,4,0,4,1,4,4,4,4,4,0,4,1,4,4,0,0,4,4,4,4,1,4,4,4,4,4,4,4,1,0,4,0,4,4,4,4,4,4,4,4,4,3,0,4,4,0,4,4,4,0,0,4,0,4,4,4,3,4,1,4,4,4,4,0,4,4,4,4,3,4,4,4,4,4,4,4,,4,4,4,4,4,1,1,4,1,0,4,4,1,1,4,0,4,4,5,4,4,1,4,4,4,4,4,4,1,0,0,4,4,4,4,1,4,4,4,4,0,4,4,4,4,4,4,1,3,4,0,1,4,4,0,4,1,0,0,4,4,4,4,4,0,4,4,3,4,4,4,4,4,4,3,4,1,4,1,0,4,4,4,4,4,1,1,4,4,4,4,4,4,4,4,4,4,4,3,3
Libya,LBY,Africa,4,4,0,4,4,3,4,4,3,4,4,4,4,4,4,4,4,4,0,4,4,4,4,4,4,4,1,4,1,4,4,1,4,4,4,4,4,1,4,4,4,4,4,4,4,1,0,4,0,4,4,4,4,4,4,4,4,4,3,4,3,4,1,4,4,4,4,1,4,0,4,4,4,4,1,1,4,4,4,4,4,4,4,4,4,4,4,4,4,4,4,1,4,4,,4,4,4,4,1,4,0,1,4,4,4,0,4,4,0,4,4,4,4,4,1,4,4,4,1,4,4,4,4,4,4,4,4,4,1,4,4,4,4,4,4,4,4,4,4,4,1,3,4,0,1,4,4,4,4,1,4,4,4,4,4,4,4,4,4,4,2,4,4,4,4,4,4,4,1,1,4,1,1,4,4,0,4,4,1,1,4,4,4,4,4,4,4,4,4,4,4,3,3
Liechtenstein,LIE,Europe,4,0,4,0,4,0,0,0,3,0,3,0,1,1,0,0,0,0,4,4,0,0,0,0,0,0,1,4,1,4,0,1,4,4,0,4,0,1,0,0,4,0,0,4,0,1,0,0,0,1,0,4,4,0,4,0,0,0,3,0,0,0,4,0,0,0,4,1,4,0,0,0,0,3,0,1,4,0,0,0,4,0,0,1,4,3,0,3,0,1,0,1,4,4,4,,0,0,0,1,1,0,1,4,0,4,1,0,0,0,0,0,4,0,0,1,4,0,4,1,0,0,0,4,4,4,0,1,4,1,0,1,0,0,0,0,0,1,4,0,4,4,0,0,0,1,0,4,0,0,0,4,0,0,0,1,4,0,0,4,0,2,4,1,4,0,0,4,4,1,1,0,1,1,0,0,0,0,4,0,1,0,0,0,2,0,4,0,0,0,4,4,1,1
Lithuania,LTU,Europe,4,0,4,0,4,0,0,0,3,0,3,0,1,1,0,0,0,0,4,4,0,0,0,0,0,0,1,4,1,4,0,1,4,4,0,4,0,1,0,0,4,0,0,4,0,1,0,0,0,1,0,4,4,0,4,0,0,0,3,0,0,0,4,0,0,0,4,1,4,0,0,0,0,3,0,1,4,0,0,0,4,0,0,1,0,3,0,3,0,1,0,1,4,4,4,0,,0,0,1,1,0,1,4,0,0,1,0,0,0,0,0,4,0,0,1,3,4,4,1,0,0,0,4,4,4,0,1,4,0,0,1,0,0,0,0,0,4,4,0,4,4,0,0,0,0,0,4,0,0,0,4,0,0,0,0,4,4,0,4,0,2,4,1,0,0,0,4,0,1,1,1,0,1,0,0,0,0,4,0,1,0,0,0,2,0,4,0,0,0,4,4,1,1
Luxembourg,LUX,Europe,4,0,4,0,4,0,0,0,3,0,3,0,1,1,0,0,0,0,4,4,0,0,0,0,0,0,1,4,1,4,0,1,4,4,0,4,0,1,0,0,4,0,0,4,0,1,0,1,0,1,0,4,4,0,1,0,0,0,3,0,0,0,4,0,0,0,4,1,0,0,0,0,0,3,0,1,4,0,0,0,4,0,0,1,0,3,0,3,0,0,0,1,0,4,4,0,0,,0,1,1,0,1,4,0,0,1,0,0,0,0,0,4,0,0,1,3,0,4,1,0,0,0,4,4,4,0,1,4,0,0,1,0,0,0,0,0,1,4,0,4,4,0,0,0,1,0,4,0,0,0,4,0,0,0,0,4,0,0,4,0,2,4,1,0,0,0,4,0,1,1,0,0,1,0,0,0,0,4,0,1,0,0,0,2,0,4,0,0,0,3,4,1,1
Macedonia,MKD,Europe,4,0,4,0,4,3,0,1,3,0,3,0,4,1,4,0,0,4,4,4,1,0,4,0,4,0,4,4,1,4,4,1,4,4,0,4,4,1,4,0,0,0,0,4,0,1,0,0,0,1,0,4,4,0,4,4,0,0,3,0,3,0,4,0,1,0,4,1,4,0,0,0,0,3,0,1,4,4,0,0,3,1,0,1,4,3,4,4,1,1,0,1,4,4,4,0,0,0,,1,1,0,1,4,0,4,1,1,4,0,0,0,4,0,4,1,4,4,4,1,0,4,0,4,4,4,0,1,4,1,0,4,4,0,4,0,0,4,4,0,0,3,3,1,0,1,0,4,4,0,1,4,0,0,0,4,4,4,4,4,0,2,4,4,0,0,0,4,3,4,1,4,1,1,4,4,0,0,4,1,1,0,4,4,4,4,4,4,0,4,4,4,1,3
Madagascar,MDG,Africa,4,4,4,4,4,3,4,4,3,4,4,4,4,1,4,4,4,4,0,4,1,4,4,4,4,4,4,4,1,4,4,1,4,4,4,4,4,1,4,4,4,4,4,4,4,1,0,4,0,4,0,4,4,4,4,4,4,4,3,4,3,4,1,4,4,0,4,1,4,0,0,4,4,3,0,1,4,4,4,4,4,4,4,4,4,3,4,4,4,1,4,4,4,4,4,4,4,4,4,,1,0,1,4,4,4,1,1,4,0,4,4,4,4,4,1,4,4,4,1,4,4,0,4,4,4,4,4,4,1,0,4,4,4,0,4,4,4,4,4,4,1,3,1,0,1,4,4,4,4,1,4,0,4,4,4,1,4,4,4,4,2,4,4,0,4,4,4,3,4,1,4,1,1,4,4,4,4,4,1,0,4,4,4,4,4,4,4,4,4,4,4,1,0
Malawi,MWI,Africa,4,4,4,4,4,0,4,4,3,4,4,0,4,0,0,4,4,0,0,4,1,4,0,4,4,4,4,4,1,4,4,1,4,4,4,4,4,1,4,4,4,4,4,4,4,1,0,4,0,4,4,4,4,4,4,0,4,4,3,0,3,4,1,4,0,4,4,1,4,0,4,4,4,3,0,1,4,4,0,4,4,0,4,1,4,0,0,4,4,1,4,4,0,4,4,4,4,4,4,1,,0,1,4,4,4,1,0,4,0,4,4,4,4,4,0,4,0,4,1,4,4,1,4,4,4,4,4,4,1,4,4,4,4,0,4,4,4,4,4,4,1,0,0,0,1,4,4,0,4,1,4,0,4,4,4,4,0,4,4,4,2,4,4,4,4,4,4,3,4,1,4,1,1,4,0,4,4,4,1,0,4,4,4,4,4,4,0,4,4,4,4,0,0
Malaysia,MYS,Asia,4,0,0,0,4,0,0,1,2,0,1,0,1,1,0,0,0,0,4,4,1,0,0,0,0,0,4,4,0,4,4,1,4,4,0,4,0,1,0,0,0,0,0,4,0,1,0,1,0,0,0,4,4,0,4,0,0,0,3,0,0,0,4,0,0,0,4,1,0,0,0,0,0,3,0,0,4,0,4,0,3,0,0,1,0,0,0,3,0,0,0,1,0,4,4,0,0,0,0,1,0,,1,4,0,1,1,0,0,0,0,0,0,0,4,1,3,0,4,1,0,0,0,4,4,4,0,1,4,1,0,1,4,0,0,0,0,1,4,0,4,3,0,1,0,1,0,4,0,0,1,4,0,0,0,1,4,0,0,4,0,2,1,0,0,0,0,0,3,1,0,0,1,1,1,0,0,0,4,1,1,1,1,0,4,0,4,0,0,0,0,1,0,0
Maldives,MDV,Asia,4,4,4,4,4,0,4,1,3,4,4,0,4,0,0,4,4,0,4,0,1,4,0,4,0,4,4,4,3,4,4,1,4,4,4,4,4,1,0,4,4,4,4,4,4,1,0,4,0,1,4,4,4,4,4,0,4,4,3,0,3,4,4,4,0,4,4,1,4,0,4,4,4,0,0,1,4,0,4,4,4,0,4,1,4,0,4,4,4,1,4,4,0,4,4,4,4,4,4,1,1,0,,4,4,1,1,0,4,0,4,4,4,4,4,1,3,4,4,1,4,4,1,4,4,4,4,1,0,1,0,1,4,4,0,4,4,4,4,4,4,4,0,0,0,1,4,4,1,4,1,4,0,4,4,1,4,0,4,4,4,0,4,4,0,4,4,4,4,4,1,1,1,1,4,0,0,3,4,1,1,4,4,0,4,4,4,0,4,4,4,4,0,0
Mali,MLI,Africa,4,4,0,4,4,3,4,4,3,4,4,0,4,1,0,4,4,4,0,4,1,4,4,4,4,4,0,4,1,4,4,0,4,4,4,4,4,1,4,4,4,4,4,4,4,1,0,4,0,4,4,4,4,4,4,4,4,4,3,0,4,4,0,4,4,4,0,0,4,0,4,4,4,3,0,1,4,4,4,4,0,4,4,4,4,4,4,4,4,1,4,4,4,0,4,4,4,4,4,1,4,4,1,,4,4,0,4,4,0,4,4,4,4,0,1,4,4,4,1,4,4,1,0,0,4,4,4,4,1,4,4,4,4,0,4,4,4,4,4,4,1,3,1,0,1,4,4,0,4,1,0,4,4,4,4,4,4,4,4,4,3,4,4,4,4,4,4,3,4,4,4,1,0,4,4,0,4,4,1,1,4,4,4,4,4,4,4,4,4,4,4,3,3
Malta,MLT,Europe,4,0,4,0,4,0,0,0,3,0,3,0,1,1,0,0,0,0,4,4,1,0,0,0,0,0,1,4,1,4,0,1,4,4,0,4,0,1,0,0,4,0,0,4,0,1,0,0,0,1,0,4,4,0,4,0,0,0,3,0,0,0,4,0,0,0,4,1,4,0,0,0,0,3,0,1,4,0,0,0,4,0,0,1,0,3,0,3,0,1,0,1,0,4,4,0,0,0,0,1,1,0,1,4,,0,1,0,0,0,0,0,4,0,0,1,3,4,4,1,0,0,0,4,4,4,0,1,4,0,0,1,0,0,0,0,0,4,4,0,4,4,0,0,0,0,0,4,0,0,0,4,0,0,0,0,4,0,0,4,0,2,4,1,0,0,0,4,0,1,1,1,0,1,0,0,0,3,4,0,0,0,0,0,2,0,4,0,0,0,4,4,0,0
Marshall Islands,MHL,Oceania,4,4,4,0,4,0,4,1,3,0,4,0,4,1,4,4,0,0,4,4,1,4,4,4,4,0,4,4,1,4,4,1,4,4,4,4,0,1,0,0,4,0,0,4,0,1,0,1,0,1,0,4,4,0,4,0,0,0,4,4,3,0,4,0,4,0,4,1,4,0,0,0,0,3,0,1,4,4,4,0,4,4,4,1,4,3,0,4,4,1,0,4,4,4,4,0,0,0,4,1,1,0,1,4,0,,1,1,0,0,4,0,4,4,4,1,3,4,1,1,0,4,0,4,4,4,0,4,4,0,0,1,4,0,0,0,0,4,4,0,4,4,3,0,0,0,0,4,0,4,1,4,0,0,0,1,4,4,0,4,0,1,4,4,4,0,0,4,4,4,1,4,1,1,1,4,4,4,4,1,1,4,4,0,0,4,4,0,0,4,4,4,3,1
Mauritania,MRT,Africa,4,4,0,4,4,3,4,4,3,4,4,4,4,1,0,4,4,4,0,4,1,4,4,4,4,4,0,4,1,4,4,0,4,0,4,4,4,1,4,4,4,4,4,4,4,1,0,4,0,4,4,4,4,4,4,4,4,4,3,0,3,4,1,4,4,4,0,1,4,0,4,4,4,4,0,1,4,4,4,4,0,4,4,4,4,3,4,4,4,1,4,4,4,4,4,4,4,4,4,1,1,0,1,0,4,4,,1,4,0,4,4,4,4,4,1,4,4,4,1,4,4,1,0,4,4,4,4,4,1,4,4,4,4,0,4,4,4,1,4,4,1,3,1,0,1,4,4,0,4,1,0,0,4,4,4,4,4,4,4,4,3,4,4,4,4,4,4,3,4,4,4,1,0,4,4,0,4,4,1,1,4,4,4,4,4,4,4,4,4,4,4,3,3
Mauritius,MUS,Africa,4,0,4,0,4,0,4,4,3,0,4,0,3,4,0,4,0,0,0,4,1,0,0,4,4,0,4,4,1,4,4,1,4,4,0,0,4,1,0,0,4,0,0,1,0,1,0,0,0,4,4,4,4,0,4,0,0,0,0,0,0,0,0,0,0,4,4,1,4,0,4,0,0,3,0,1,4,4,0,0,4,0,0,1,4,0,0,4,4,1,0,4,0,4,4,0,0,0,0,1,0,0,1,4,0,1,1,,4,0,4,0,4,0,4,1,3,0,4,1,0,0,1,4,4,4,0,1,4,1,0,4,4,4,0,0,0,4,4,0,0,0,0,1,0,1,0,4,0,4,1,4,0,0,0,4,1,0,0,4,0,2,4,4,0,0,0,4,3,4,1,1,1,1,4,0,0,3,4,1,0,1,4,0,4,4,4,0,0,4,4,4,0,0
Mexico,MEX,North America,4,0,4,0,4,0,0,1,3,0,3,0,1,4,0,0,0,0,4,4,0,0,0,0,4,0,4,4,1,4,0,1,4,4,0,4,0,1,0,0,4,0,0,4,0,1,0,0,0,1,0,4,4,0,1,0,0,0,3,4,0,0,4,0,0,0,4,1,4,0,0,0,0,3,0,1,4,0,0,0,3,0,0,1,0,3,4,4,1,1,0,1,4,4,4,0,0,0,0,1,1,0,1,4,0,1,1,0,,0,3,0,4,0,0,1,3,4,4,1,0,0,0,4,4,4,0,4,4,1,0,1,0,0,0,0,0,4,4,0,4,3,0,0,0,1,0,4,4,0,1,4,0,0,0,1,4,4,0,4,0,2,4,1,4,0,0,4,3,1,1,4,1,1,4,0,0,3,4,1,1,1,4,0,4,0,4,0,0,0,4,4,1,3
Micronesia,FSM,Oceania,4,4,4,0,4,3,4,1,3,0,4,4,4,1,4,0,0,0,4,4,1,4,4,4,4,0,4,4,1,4,4,1,4,4,4,4,0,1,0,0,4,0,0,4,0,1,0,1,0,1,4,4,4,0,4,0,0,0,4,0,3,0,4,0,4,4,4,1,4,0,4,0,0,3,4,1,4,4,0,0,4,4,4,1,4,3,0,4,4,1,0,4,4,4,4,0,0,0,4,1,1,4,1,4,0,0,1,1,0,,4,0,4,4,4,1,3,4,1,1,0,4,1,4,4,4,0,4,4,0,0,1,4,0,0,0,0,4,4,0,4,4,3,0,0,0,0,4,1,4,1,4,0,0,0,1,4,4,0,4,0,1,4,4,4,0,0,4,4,4,1,4,1,1,1,4,4,4,4,1,1,1,4,0,0,4,4,0,0,4,4,4,3,1
Moldova,MDA,Europe,4,0,4,0,4,0,4,0,3,0,0,0,4,1,0,0,0,4,4,4,1,0,4,4,4,0,4,4,1,4,4,1,4,4,0,4,4,1,4,0,4,0,0,4,0,1,0,4,0,4,4,4,4,0,4,0,0,0,3,4,0,0,4,0,1,4,4,1,4,0,4,0,0,3,0,1,4,4,0,0,4,1,4,4,0,3,4,4,0,1,0,1,4,4,4,0,0,0,0,1,1,0,1,4,0,4,1,1,4,0,,0,4,0,4,1,4,0,4,1,0,4,1,4,4,4,0,1,4,1,0,4,4,0,4,0,0,4,4,0,0,4,4,1,0,1,0,4,4,0,1,4,4,0,0,4,4,4,4,4,0,2,4,4,4,0,0,4,4,0,1,4,1,1,4,4,0,0,4,1,1,0,4,4,4,4,0,4,0,4,4,4,1,1
Monaco,MCO,Europe,4,0,4,0,4,0,0,0,3,0,3,0,1,1,4,0,0,0,4,4,0,0,0,0,4,0,4,4,1,4,0,1,4,4,0,4,0,1,0,0,4,0,0,4,0,1,0,0,0,1,0,4,4,0,4,0,0,0,3,0,0,0,4,0,0,0,4,1,4,0,0,0,0,3,0,1,4,0,0,0,4,0,0,1,0,3,4,3,0,1,0,1,4,4,4,0,0,0,0,1,4,0,1,0,0,4,1,0,0,0,0,,4,0,0,1,3,4,4,1,0,0,0,4,4,4,0,1,4,1,0,1,4,0,0,0,0,1,4,0,4,4,0,0,0,1,0,4,1,0,1,4,0,0,0,1,1,0,0,4,0,2,4,4,0,0,0,4,4,1,1,0,1,1,1,4,0,0,4,1,1,0,1,0,0,0,4,0,0,0,4,4,1,1
Mongolia,MNG,Asia,4,4,4,4,4,3,4,1,3,4,3,4,4,4,4,0,4,4,4,4,1,4,4,0,4,4,4,4,1,4,4,1,4,4,0,4,4,1,4,4,0,4,4,4,4,1,0,4,0,4,4,4,4,4,4,4,4,4,3,4,3,4,4,4,4,4,4,1,4,0,4,4,4,3,0,1,4,4,0,4,4,4,4,4,0,3,4,4,0,0,4,4,4,4,4,4,4,4,4,1,1,0,1,1,4,4,1,1,4,0,4,4,,4,4,1,3,4,4,1,4,4,4,4,4,4,4,4,4,1,0,4,4,4,0,4,4,4,4,4,0,4,4,1,0,1,4,4,4,0,1,4,0,4,4,4,4,4,4,4,4,1,4,4,4,4,4,4,4,1,1,0,1,1,4,4,4,0,4,1,1,0,4,4,4,4,4,4,4,4,3,4,1,3
Montenegro,MNE,Europe,4,0,4,0,4,3,0,0,3,0,3,4,4,1,4,0,0,4,4,4,1,0,4,0,4,0,4,4,1,4,4,1,4,4,0,4,4,1,0,0,0,0,0,4,0,1,0,4,0,4,4,4,4,0,4,4,0,0,3,0,0,0,4,0,1,4,4,1,4,0,4,0,0,3,4,1,4,4,0,0,4,1,4,1,4,3,4,4,1,1,0,1,4,4,4,0,0,0,0,1,1,4,1,4,0,4,1,1,4,0,0,0,4,,4,1,4,4,4,1,0,4,1,4,4,4,0,4,4,1,0,4,4,0,4,0,0,1,4,0,0,4,4,0,0,1,0,4,4,0,1,4,0,0,0,4,4,4,0,4,0,2,4,4,0,0,0,4,4,4,1,4,1,1,4,0,0,0,4,1,1,0,4,4,4,4,4,4,0,4,4,4,0,3
Morocco,MAR,Africa,4,4,0,4,4,3,4,4,3,4,3,4,3,4,4,4,4,0,4,4,1,4,4,0,4,4,4,4,1,4,4,4,4,4,4,4,4,1,4,4,4,4,4,4,4,1,0,4,0,4,4,4,4,4,4,4,4,4,0,0,3,4,4,4,0,4,0,1,4,0,4,4,4,4,0,1,4,4,4,4,0,4,4,1,4,3,4,4,4,1,4,1,4,4,4,4,4,4,4,1,4,0,1,0,4,1,1,1,4,0,4,4,4,4,,1,3,4,4,1,4,4,1,0,4,4,4,4,4,1,4,4,4,4,0,4,4,4,1,4,4,1,3,4,0,1,4,4,0,4,0,4,4,4,4,4,4,4,0,4,4,2,4,4,4,4,4,4,3,3,0,4,1,1,4,4,0,0,4,1,1,4,4,4,4,4,4,0,4,4,4,4,3,3
Mozambique,MOZ,Africa,4,4,4,4,4,3,4,4,3,4,4,4,4,1,1,4,4,4,0,4,1,4,0,4,4,4,4,4,1,4,4,1,4,4,4,4,4,1,4,4,4,4,4,4,4,1,0,4,0,4,4,4,4,4,4,4,4,4,3,4,3,4,1,4,0,4,4,1,4,0,4,4,4,3,0,1,4,4,4,4,4,0,4,4,4,3,4,4,4,1,4,4,0,4,4,4,4,4,4,1,0,4,1,4,4,4,1,0,4,0,4,4,4,4,4,,4,0,4,1,4,4,1,4,4,4,4,4,4,1,4,4,4,4,0,4,4,4,4,4,4,1,3,1,0,1,4,4,4,4,1,4,0,4,4,4,4,0,4,4,4,2,4,4,0,4,4,4,0,4,0,4,1,1,4,4,4,4,4,1,1,4,4,4,4,4,4,0,4,4,4,4,0,0
Myanmar,MMR,Asia,4,4,4,4,4,3,4,1,3,4,4,4,4,4,4,4,4,4,4,4,1,4,4,4,0,4,4,4,1,4,4,1,4,4,4,4,4,1,4,4,4,4,4,4,4,1,0,4,0,4,4,4,4,4,4,4,4,4,3,4,3,4,4,4,4,4,4,1,4,0,4,4,4,3,0,1,4,4,4,4,4,4,4,4,4,3,4,4,4,0,4,4,4,4,4,4,4,4,4,1,1,4,1,4,4,4,1,1,4,0,4,4,4,4,4,1,,4,4,1,4,4,1,4,4,4,4,4,4,4,4,4,4,4,0,4,4,4,4,4,4,4,4,4,0,1,4,4,4,4,1,4,0,4,4,4,1,4,4,4,4,1,4,4,4,4,4,4,3,4,1,0,1,1,4,4,4,4,4,1,1,4,4,4,4,4,4,4,4,4,0,4,1,3
Namibia,NAM,Africa,4,4,4,4,0,0,4,4,3,4,4,0,4,1,0,4,4,0,0,4,1,4,0,0,4,4,4,4,4,4,4,1,4,4,4,4,4,1,4,4,0,4,4,4,4,1,0,0,0,4,4,4,4,4,4,4,4,4,3,0,3,4,1,4,0,4,4,1,4,0,4,4,4,3,0,1,4,4,4,4,4,0,4,4,4,0,4,4,4,1,4,4,0,4,4,4,4,4,4,1,0,0,1,4,4,4,1,4,4,0,4,4,4,4,4,1,4,,4,1,4,4,1,4,4,4,4,4,4,1,4,4,4,4,0,4,4,4,4,4,4,1,4,0,0,1,4,4,0,4,1,4,0,4,4,4,1,0,4,4,4,2,4,4,0,4,4,4,3,4,0,4,1,1,4,0,4,4,4,1,1,4,4,0,4,4,4,0,4,4,4,4,0,0
Nauru,NRU,Oceania,4,4,4,4,4,0,4,1,3,4,4,0,4,1,0,4,4,4,4,4,1,4,0,4,4,4,4,4,1,4,4,1,4,4,4,4,4,1,0,4,4,4,4,4,4,1,0,1,0,1,4,4,4,4,4,0,4,4,4,0,3,4,4,4,0,0,4,1,4,0,0,4,4,3,0,1,4,0,0,4,4,0,4,1,4,0,0,4,4,4,4,4,4,4,4,4,4,4,4,1,0,0,1,4,4,1,1,0,4,0,4,4,4,4,4,1,3,4,,1,4,4,1,4,4,4,4,4,4,1,0,1,4,0,4,4,4,4,4,4,0,4,0,0,0,0,4,4,4,4,1,4,0,4,4,1,4,4,0,4,4,1,4,4,4,4,4,4,4,4,0,4,1,1,1,0,4,4,4,1,1,4,4,0,4,4,4,0,4,4,4,4,0,0
Nepal,NPL,Asia,4,4,4,4,4,3,4,4,3,4,3,4,4,4,4,4,4,4,4,4,1,4,4,4,4,4,4,4,1,4,4,1,4,4,4,4,4,1,4,4,4,4,4,4,4,1,0,4,4,4,4,4,4,4,4,4,4,4,3,0,4,4,4,4,4,4,4,1,4,0,4,4,4,0,0,4,4,4,4,4,4,4,4,4,4,3,4,4,4,1,4,4,4,4,4,4,4,4,4,1,1,3,1,4,4,4,1,1,4,0,4,4,4,4,4,1,3,4,4,,4,4,4,4,4,4,4,4,0,1,4,4,4,4,0,4,4,4,4,4,4,4,4,4,0,1,4,4,0,4,1,4,0,4,4,4,4,4,4,4,4,2,4,4,4,4,4,4,4,4,1,4,1,1,4,4,4,4,4,1,1,4,4,4,4,4,4,4,4,4,4,4,3,3
Netherlands,NLD,Europe,4,0,4,0,4,0,0,0,3,0,3,0,1,1,0,0,0,0,4,4,0,0,0,0,0,0,1,4,1,4,0,1,4,4,0,4,0,1,0,0,4,0,0,4,0,1,0,1,0,1,0,4,4,0,1,0,0,0,3,0,0,0,4,0,0,0,4,1,0,0,0,0,0,3,0,1,4,0,0,0,4,0,0,1,0,3,0,3,0,1,0,1,0,4,4,0,0,0,0,1,1,0,1,4,0,0,1,0,0,0,0,0,4,0,0,1,3,0,4,1,,0,0,4,4,4,0,1,4,0,0,1,0,0,0,0,0,1,4,0,4,4,0,0,0,0,0,4,0,0,0,4,0,0,0,0,4,0,0,4,0,2,4,1,0,0,0,4,0,1,1,0,0,1,0,0,0,3,4,0,1,0,0,0,2,0,4,0,0,0,4,4,1,1
New Zealand,NZL,Oceania,4,0,4,0,4,0,0,1,0,0,3,0,1,1,0,0,0,0,4,4,0,0,0,0,0,0,1,4,1,4,0,1,4,4,0,4,0,1,0,0,4,0,0,4,0,1,0,0,0,1,0,4,4,0,1,0,0,0,3,0,0,0,4,0,0,0,4,1,0,0,0,0,0,3,0,1,4,0,0,0,3,0,0,1,0,3,0,3,0,1,0,1,0,4,4,0,0,0,0,1,1,0,1,4,0,1,1,0,0,0,0,0,4,0,0,1,3,0,4,1,0,,0,4,4,4,0,0,4,1,0,1,1,0,0,0,0,1,4,0,4,1,0,0,0,1,0,4,0,0,1,4,0,0,0,1,4,4,0,4,0,2,4,4,0,0,0,4,3,1,1,0,1,1,1,1,0,0,4,1,1,1,1,0,2,0,4,0,0,0,4,4,1,1
Nicaragua,NIC,North America,4,0,4,0,4,3,0,1,3,0,4,0,4,4,0,0,0,0,4,4,1,0,4,4,4,0,4,4,1,4,4,1,4,4,0,4,4,1,4,0,4,0,0,4,0,1,0,0,0,4,0,4,4,0,4,4,0,0,3,4,4,0,4,0,4,0,4,1,4,0,0,0,0,3,0,1,4,0,4,0,4,4,4,1,4,3,4,4,4,1,0,4,4,4,4,0,0,0,0,1,4,0,1,4,0,4,1,0,4,0,4,0,4,0,4,1,4,4,4,1,0,4,,4,4,4,0,4,4,1,0,4,0,4,0,0,0,4,4,0,0,4,0,1,0,1,0,4,4,4,1,4,0,0,0,1,1,4,0,4,0,2,4,1,4,0,0,4,4,4,1,4,1,1,4,0,4,0,4,1,1,4,4,0,4,0,4,4,0,4,4,4,1,3
Niger,NER,Africa,4,4,4,4,4,3,4,4,3,4,4,4,4,1,4,4,4,4,0,4,1,4,4,4,4,4,0,4,1,4,4,0,0,0,4,4,4,1,4,4,4,4,4,4,4,1,0,4,0,4,4,4,4,4,4,4,4,4,3,0,3,4,0,4,4,4,0,0,4,0,4,4,4,3,4,1,4,4,4,4,0,4,4,4,4,3,4,4,4,1,4,4,4,0,4,4,4,4,4,1,1,4,1,0,4,4,0,1,4,0,4,4,4,4,0,1,4,4,4,1,4,4,1,,0,4,4,4,4,1,4,4,4,4,0,4,4,4,1,4,4,1,3,4,0,1,4,4,0,4,1,0,0,4,4,4,4,4,4,4,4,3,4,4,4,4,4,4,3,4,0,4,1,0,4,4,0,4,4,1,1,4,4,4,4,4,4,4,4,4,4,4,3,3
Nigeria,NGA,Africa,4,4,4,4,4,3,4,4,3,4,4,4,5,1,0,4,4,4,0,4,4,4,4,4,4,4,0,4,1,0,4,0,4,0,4,4,4,1,4,4,4,4,4,4,4,1,0,4,4,4,4,4,4,4,4,0,4,4,3,0,4,4,0,4,4,4,0,0,4,0,4,4,4,4,4,1,4,4,4,4,0,4,4,4,4,3,4,4,4,4,4,4,4,0,4,4,4,4,4,1,4,4,1,0,4,4,1,1,4,0,4,4,4,4,4,1,4,4,4,4,4,4,1,0,,4,4,4,4,1,4,4,4,4,4,4,4,4,4,4,4,1,0,4,4,1,4,4,0,4,1,0,4,4,4,4,4,4,4,4,4,4,4,4,4,4,4,4,3,4,1,4,1,0,4,4,4,4,4,1,1,4,4,4,4,4,4,0,4,4,4,4,3,3
North Korea,PRK,Asia,4,4,4,4,4,3,4,4,3,4,4,4,4,1,4,4,4,4,4,4,4,4,4,4,4,4,4,4,1,4,4,1,4,4,4,4,4,1,4,4,4,4,4,4,4,1,0,4,4,4,4,4,4,4,1,4,4,4,3,0,3,4,4,4,4,4,4,1,0,0,4,4,4,4,4,1,4,4,4,4,4,4,5,1,4,4,4,4,0,1,4,4,4,4,4,4,4,4,4,1,1,4,1,4,4,4,1,4,4,0,4,4,4,4,4,1,3,4,4,1,4,4,1,4,4,,4,4,4,1,4,4,4,4,4,4,4,4,4,4,4,4,4,4,0,1,4,4,4,4,1,4,3,4,4,4,1,4,4,4,4,2,4,4,4,4,4,4,4,4,1,4,1,1,4,4,4,4,4,1,1,4,4,4,4,4,4,4,4,4,4,4,3,3
Norway,NOR,Europe,4,0,4,0,4,0,0,0,3,0,3,0,1,1,0,0,0,0,4,4,0,0,0,0,0,0,1,4,1,4,0,1,4,4,0,4,0,1,0,0,4,0,0,4,0,1,0,0,0,1,0,4,4,0,1,0,0,0,3,0,0,0,4,0,0,0,4,1,0,0,0,0,0,3,0,1,4,0,0,0,4,0,0,1,0,3,0,3,0,1,0,1,0,4,4,0,0,0,0,1,1,0,1,4,0,0,1,0,0,0,0,0,4,0,0,1,3,0,4,1,0,0,0,4,4,4,,1,4,1,0,1,0,0,0,0,0,1,4,0,4,4,0,0,0,1,0,4,0,0,0,4,0,0,0,0,4,0,0,4,0,2,4,1,0,0,0,4,4,1,1,0,0,1,0,0,0,3,4,0,1,0,0,0,2,0,4,0,0,0,0,4,1,1
Oman,OMN,Asia,4,4,4,4,4,3,4,1,3,4,1,0,0,1,4,0,4,4,4,4,1,0,0,4,0,4,4,4,1,4,4,1,4,4,4,4,4,1,4,4,4,4,4,4,4,1,0,4,0,0,4,4,4,4,4,4,4,4,3,4,0,4,4,4,4,4,4,1,4,0,4,4,4,3,0,1,4,4,4,4,4,4,4,0,4,3,4,0,1,1,4,0,4,4,4,4,4,4,4,1,1,0,1,4,4,4,1,0,4,0,4,4,4,4,0,1,4,4,4,1,4,0,1,4,4,4,4,,4,1,4,4,4,4,0,4,4,0,4,4,4,4,3,4,0,1,4,0,1,0,1,4,0,4,4,4,4,4,0,4,4,2,4,4,4,4,4,4,3,1,1,0,1,1,4,4,0,3,4,1,1,1,0,3,4,4,4,0,4,4,4,1,3,3
Pakistan,PAK,Asia,4,4,4,4,4,3,4,4,3,4,3,4,3,4,4,4,4,4,4,4,4,4,4,4,4,4,4,4,4,4,4,1,4,4,4,4,4,1,4,4,4,4,4,4,4,1,0,4,4,4,4,4,4,4,4,4,4,4,3,4,4,4,4,4,4,4,4,1,4,0,4,4,4,4,4,4,4,4,4,4,4,4,4,4,4,3,4,4,4,4,4,4,4,4,4,4,4,4,4,1,4,4,1,4,4,4,1,4,4,0,4,4,4,4,4,1,3,4,4,1,4,4,4,4,4,4,4,4,,1,4,4,4,4,4,4,4,4,4,4,4,4,3,4,0,1,4,4,4,4,1,4,4,4,4,4,4,4,4,4,4,4,4,4,4,4,4,4,3,3,1,4,1,1,4,0,4,4,4,1,1,4,4,4,4,4,4,0,4,4,4,4,3,3
Palau,PLW,Oceania,4,4,4,0,4,3,4,1,3,0,4,4,4,1,4,4,0,0,4,4,1,4,4,4,4,0,4,4,1,4,4,1,4,4,4,4,0,1,0,0,4,0,0,4,0,1,0,4,0,1,4,4,4,0,4,0,0,0,4,0,3,0,4,0,4,4,4,1,4,0,4,0,0,3,0,1,4,4,0,0,4,4,4,1,4,3,0,4,4,1,0,4,4,4,4,0,0,0,4,1,1,0,1,4,0,0,1,1,0,0,4,0,4,4,4,1,3,4,1,1,0,4,1,4,4,4,0,4,4,,0,1,4,0,0,0,0,4,4,0,4,4,3,1,0,0,0,4,4,4,1,4,0,0,0,1,4,4,0,4,0,1,4,4,4,0,0,4,4,4,1,4,1,1,1,4,4,4,4,1,1,1,4,0,0,4,4,0,0,4,4,4,3,3
Panama,PAN,North America,4,0,4,0,4,0,0,1,3,0,3,0,4,4,0,0,0,0,4,4,0,0,4,0,4,0,4,4,1,4,4,1,4,4,0,4,0,1,0,0,4,0,0,4,0,1,0,0,0,1,0,4,4,0,4,4,0,0,3,4,0,0,4,0,4,0,4,1,0,4,0,0,0,3,0,1,4,0,0,0,4,0,4,1,4,3,4,4,4,1,0,1,4,4,4,0,0,0,0,1,1,0,1,4,0,4,1,0,0,0,4,0,4,0,4,1,4,4,4,1,0,4,0,4,4,4,0,4,4,1,,4,0,0,0,0,0,4,4,0,0,4,0,0,0,1,0,4,4,4,1,4,0,0,0,1,1,0,0,4,0,2,4,1,4,0,0,4,4,4,1,4,1,1,4,0,4,0,4,1,1,0,4,0,4,0,4,4,0,0,3,4,1,3
Papua New Guinea,PNG,Oceania,4,4,4,4,4,0,4,1,3,4,4,0,4,0,4,4,4,4,4,4,1,4,0,4,4,4,4,4,1,4,0,1,4,4,4,4,0,1,4,4,4,4,4,4,4,1,0,1,0,1,4,4,4,4,4,0,4,4,4,0,3,4,4,4,0,4,4,1,4,0,4,4,4,3,0,1,4,4,0,4,4,0,4,1,4,0,4,4,4,1,4,4,0,4,4,4,4,4,4,1,4,0,1,4,4,1,1,0,4,0,4,4,4,4,4,1,3,4,1,1,4,4,1,4,4,4,4,4,4,1,0,,4,0,0,4,4,4,4,4,4,4,0,1,0,0,4,4,4,4,1,4,0,4,4,1,4,4,4,4,4,1,4,4,0,4,4,4,4,4,0,1,1,1,1,4,4,4,4,1,1,4,4,0,4,4,4,0,4,4,4,4,1,1
Paraguay,PRY,South America,4,0,4,0,4,3,0,1,3,0,4,0,1,4,4,4,0,0,4,4,0,0,0,0,4,0,1,4,1,4,4,1,4,4,0,4,0,1,0,0,4,0,0,4,0,1,0,0,0,1,0,4,4,0,4,0,0,0,3,4,3,0,4,0,4,0,4,1,4,0,0,0,0,3,0,1,4,0,0,0,4,0,4,1,4,3,4,4,4,1,0,4,4,4,4,0,0,0,0,1,1,0,1,4,0,4,1,0,0,0,4,0,4,0,4,1,4,4,4,1,0,4,0,4,4,4,0,1,4,1,0,4,,0,0,0,0,4,4,0,0,4,0,1,0,1,0,4,4,4,1,4,0,0,0,1,1,0,0,4,0,2,4,1,4,0,0,4,4,4,1,4,1,1,4,4,4,0,4,1,1,0,4,0,4,0,4,4,0,0,4,4,1,3
Peru,PER,South America,4,4,4,0,4,0,0,1,3,0,4,0,1,1,0,0,0,4,4,4,0,4,0,0,0,0,1,4,1,4,4,1,4,4,0,4,0,1,0,0,4,0,0,4,0,1,0,0,0,1,4,4,4,0,4,0,0,0,3,4,3,0,4,0,4,0,4,1,0,0,0,0,0,3,0,1,4,4,0,0,4,0,4,1,4,3,4,4,4,1,0,1,4,4,4,0,0,0,0,1,1,0,1,4,0,1,1,1,0,0,4,0,4,0,0,1,3,4,4,1,0,4,1,4,4,4,0,4,4,1,0,1,0,,0,0,0,4,4,0,0,4,0,1,0,1,0,4,4,4,1,4,0,0,0,1,1,0,0,4,0,1,4,1,4,0,0,4,3,4,1,0,1,1,4,0,4,0,4,1,1,1,4,4,4,0,4,0,0,0,3,4,1,3
Philippines,PHL,Asia,4,4,4,4,4,3,4,1,3,4,4,4,4,4,4,4,4,4,4,4,0,4,4,0,0,4,4,4,0,4,4,1,4,4,4,4,0,1,0,4,4,4,4,4,4,1,0,4,0,4,4,4,4,4,4,0,4,4,3,0,3,4,4,4,4,4,4,1,4,0,4,4,4,3,0,1,4,4,0,4,3,4,4,4,4,3,4,4,1,0,4,4,4,4,4,4,4,4,4,1,1,0,1,4,4,1,1,4,4,0,4,4,0,4,0,1,0,4,4,1,4,4,1,4,4,4,4,4,4,1,4,1,4,0,,4,4,4,4,4,4,0,3,1,0,1,4,4,4,4,1,4,0,4,4,4,4,4,4,4,4,2,4,0,4,4,4,4,3,1,1,0,1,1,4,1,4,4,4,1,1,4,4,4,4,4,4,0,4,4,0,4,3,3
Poland,POL,Europe,4,0,4,0,4,0,0,0,3,0,3,0,1,1,0,0,0,0,4,4,0,0,0,0,0,0,1,4,1,4,0,1,4,4,0,4,0,1,0,0,4,0,0,4,0,1,0,0,0,1,0,4,4,0,1,0,0,0,3,0,0,0,4,0,0,0,4,1,4,0,0,0,0,3,0,1,4,0,0,0,3,0,0,1,0,3,0,3,0,1,0,1,4,4,4,0,0,0,0,1,1,0,1,4,0,0,1,0,0,0,0,0,4,0,0,1,3,4,4,1,0,0,0,4,4,4,0,1,4,0,0,1,0,0,0,,0,1,4,0,4,3,0,0,0,0,0,4,0,0,0,4,0,0,0,0,4,0,0,4,0,2,4,4,0,0,0,4,0,1,1,0,0,1,0,0,0,3,4,0,1,0,0,0,4,0,4,0,0,0,3,4,1,1
Portugal,PRT,Europe,4,0,4,0,4,0,0,0,3,0,3,0,1,1,0,0,0,0,4,4,0,0,0,0,0,0,1,4,1,4,0,1,4,4,0,4,0,1,0,0,4,0,0,4,0,1,0,0,0,1,0,4,4,0,1,0,0,0,3,1,0,0,4,0,0,0,4,1,0,0,0,0,0,3,0,1,4,0,0,0,4,0,0,1,0,3,0,3,0,1,0,1,0,4,4,0,0,0,0,1,1,0,1,4,0,0,1,0,0,0,0,0,4,0,0,1,3,0,4,1,0,0,0,4,4,4,0,1,4,0,0,1,0,0,0,0,,1,4,0,4,4,0,0,0,0,0,4,0,0,0,4,0,0,0,0,4,0,0,4,0,2,4,1,0,0,0,4,0,1,1,0,0,1,0,0,0,3,4,0,1,0,0,0,2,0,4,0,0,0,4,4,1,1
Qatar,QAT,Asia,4,4,4,4,4,3,4,1,3,4,3,0,0,1,4,0,4,4,4,4,1,0,0,4,1,4,4,4,1,4,4,1,4,4,4,4,4,1,0,4,4,4,4,4,4,1,0,0,0,0,0,4,4,4,4,4,4,4,3,4,0,4,4,4,4,0,4,1,4,0,0,4,4,4,0,1,4,4,4,4,4,4,4,0,4,3,4,0,0,1,4,0,4,4,4,4,4,4,4,1,1,0,1,4,4,4,1,0,4,0,4,4,4,0,0,1,3,4,4,1,4,0,0,4,4,4,4,0,4,1,0,4,4,4,0,4,4,,4,4,4,3,3,4,0,1,4,0,4,0,1,4,0,4,4,4,4,4,0,4,4,2,0,4,0,4,4,4,3,1,1,0,1,1,4,4,0,0,4,1,1,1,0,3,4,4,4,0,4,4,4,1,3,3
Republic of the Congo,COG,Africa,4,4,4,4,4,3,4,4,3,4,4,4,4,4,4,4,4,4,0,4,1,4,4,4,4,4,4,4,1,0,4,1,0,0,4,4,4,1,4,4,4,4,4,0,4,1,0,4,0,4,4,4,4,4,4,4,4,4,3,4,4,4,1,4,4,4,4,1,4,0,4,4,4,4,4,1,4,4,4,4,0,4,4,4,4,3,4,4,4,4,4,4,4,4,4,4,4,4,4,1,1,4,1,4,4,4,1,0,4,0,4,4,4,4,0,1,3,4,4,1,4,4,4,4,4,4,4,4,4,1,4,4,4,4,0,4,4,4,,4,4,1,0,4,0,1,4,4,0,4,1,4,0,4,4,4,1,4,4,4,4,4,4,4,4,4,4,4,0,4,1,4,1,1,4,4,4,4,4,1,1,4,4,4,4,4,4,4,4,4,4,4,1,3
Romania,ROU,Europe,4,0,4,0,4,0,0,0,3,0,3,0,1,1,0,0,0,0,4,4,1,0,0,0,0,0,4,4,1,4,4,1,4,4,0,4,0,1,0,0,4,0,0,4,0,1,0,0,0,1,0,4,4,0,4,0,0,0,3,0,0,0,4,0,0,0,4,1,4,0,0,0,0,3,0,1,4,0,0,0,3,1,0,1,0,3,0,1,1,1,0,1,4,4,4,0,0,0,0,1,1,0,1,4,0,0,1,0,0,0,0,0,4,0,0,1,3,4,4,1,0,0,0,4,4,4,0,1,4,0,0,1,0,0,0,0,0,4,4,,4,3,0,0,0,0,0,4,0,0,0,4,0,0,0,0,4,4,0,4,0,2,4,4,0,0,0,4,0,1,0,1,0,1,0,0,0,0,4,0,1,0,0,0,4,0,4,0,0,0,3,4,0,3
Russia,RUS,Europe,4,4,4,4,4,0,0,0,3,4,0,0,1,1,0,0,4,4,4,4,0,0,0,0,4,4,4,4,1,4,4,1,4,4,0,4,0,1,0,4,0,4,4,4,4,1,0,0,0,1,0,4,4,4,1,0,4,4,3,0,0,4,4,4,0,0,4,1,0,0,0,4,4,3,0,1,4,4,0,4,3,0,4,1,0,3,4,4,0,0,4,1,4,4,4,4,4,4,0,1,4,0,1,4,4,1,1,0,3,0,0,4,0,0,0,1,3,0,0,1,4,4,0,4,4,4,4,4,4,1,0,4,0,0,0,4,4,4,4,4,,3,0,0,0,1,4,4,0,0,0,4,3,4,4,4,4,0,0,4,4,2,4,4,0,4,4,4,3,0,1,0,1,1,1,0,0,0,4,1,1,0,1,4,4,0,0,0,4,0,0,4,1,1
Rwanda,RWA,Africa,4,4,4,4,4,3,4,4,3,4,4,4,4,1,4,4,4,4,0,4,4,4,4,4,4,4,4,0,1,4,4,1,0,4,4,4,4,1,4,4,4,4,4,0,4,1,0,4,0,1,4,4,4,4,4,4,4,4,3,4,3,4,1,4,0,4,4,1,4,0,4,4,4,3,0,1,4,4,4,4,4,0,4,1,4,0,4,4,4,1,4,4,4,4,4,4,4,4,4,1,4,4,1,4,4,4,1,0,4,0,4,4,4,4,4,1,4,4,4,1,4,4,1,4,4,4,4,4,4,1,4,4,4,4,0,4,4,4,4,4,4,,3,4,0,1,4,4,0,4,1,4,0,4,4,4,4,4,4,1,4,2,4,4,4,4,4,4,0,4,0,4,1,1,4,4,4,4,4,1,0,4,4,4,4,4,4,0,4,4,4,4,1,1
Saint Kitts and Nevis,KNA,North America,4,0,4,0,4,0,0,1,3,0,4,0,3,0,0,4,0,0,4,4,1,0,0,0,4,0,4,4,1,4,4,1,4,4,0,4,0,1,0,0,0,0,0,4,0,1,0,0,0,1,0,4,4,0,4,0,0,0,3,0,3,0,4,0,0,0,4,1,0,0,0,0,0,3,0,1,4,0,0,0,4,0,4,1,4,0,0,4,4,1,0,1,0,4,4,0,0,0,0,1,0,0,1,4,0,4,1,0,4,0,4,0,4,0,4,1,4,4,4,1,0,4,0,4,4,4,0,4,4,1,0,4,4,0,0,0,0,4,4,0,4,4,,0,0,1,0,4,1,4,1,4,0,0,0,1,1,4,0,4,0,2,4,0,4,0,0,4,4,4,1,4,1,1,1,0,0,0,4,1,1,0,4,0,4,4,4,0,0,0,4,4,0,0
Saint Lucia,LCA,North America,4,4,4,0,4,0,0,1,3,0,4,0,3,1,0,4,0,0,4,4,1,4,0,4,4,0,4,4,1,4,4,1,4,4,0,4,0,1,0,0,0,0,0,4,0,1,0,0,0,1,0,4,4,0,4,0,0,0,3,0,3,0,4,0,0,0,4,1,0,0,0,0,0,3,0,1,4,0,0,0,4,0,4,1,4,0,0,4,4,1,0,4,0,4,4,0,0,0,4,1,0,0,1,4,0,4,1,0,4,0,4,0,4,0,4,1,4,4,4,1,0,4,0,4,4,4,0,4,4,1,0,4,4,0,0,0,0,4,4,0,4,4,0,,0,1,0,4,1,4,1,4,0,0,0,1,1,4,0,4,0,2,4,0,0,0,0,4,4,4,1,4,1,1,1,0,0,3,4,1,1,4,4,0,4,4,4,0,0,0,4,4,0,0
Saint Vincent and the Grenadines,VCT,North America,4,4,4,0,4,0,0,1,3,0,4,0,3,1,0,0,0,0,4,4,1,4,0,0,4,0,4,4,1,4,4,1,4,4,0,4,0,1,0,0,0,0,0,4,0,1,0,0,0,4,0,4,4,0,4,0,0,0,3,0,0,0,4,0,0,0,4,1,0,0,0,0,0,3,0,1,4,0,0,0,4,0,4,1,4,0,0,4,4,1,0,4,0,4,4,0,0,0,4,1,0,0,1,4,0,1,1,0,4,0,4,0,4,0,4,1,4,4,4,1,0,4,0,4,4,4,0,4,4,1,0,4,4,0,0,0,0,4,4,0,4,4,0,0,,1,0,4,1,4,1,4,0,0,0,1,1,0,0,4,0,2,4,0,4,0,0,4,4,4,1,4,1,1,1,0,4,3,4,1,0,1,4,0,4,4,4,0,0,0,4,4,0,0
Samoa,WSM,Oceania,4,4,4,0,4,0,4,1,3,0,4,0,4,0,0,4,0,4,4,4,1,4,0,4,4,0,4,4,1,4,0,1,4,4,4,4,0,1,0,0,4,0,0,4,0,1,0,4,0,1,4,4,4,0,4,0,0,0,4,0,3,0,4,0,0,4,4,1,4,0,4,0,0,3,0,1,4,0,4,0,4,0,4,1,4,0,0,4,4,1,0,1,0,4,4,0,0,0,4,1,0,0,1,4,0,1,1,0,4,0,4,0,4,0,4,1,3,4,1,1,0,4,1,4,4,4,0,4,0,1,0,1,4,0,0,0,0,4,4,0,4,4,0,0,0,,0,4,1,4,1,4,0,0,0,1,4,4,0,4,0,1,4,4,0,0,0,4,4,4,1,4,1,1,1,0,4,4,4,1,1,1,4,0,4,4,4,0,0,4,4,4,0,0
San Marino,SMR,Europe,4,0,4,0,4,0,0,0,3,0,4,0,1,1,0,0,0,4,4,4,1,0,0,0,4,0,4,4,1,4,0,1,4,4,0,0,0,1,0,0,4,0,0,4,0,1,0,0,0,1,0,4,4,0,4,4,0,0,3,0,0,0,4,0,0,0,4,1,4,0,0,0,0,3,0,1,4,0,0,0,4,0,0,1,4,0,4,3,1,1,0,1,0,4,4,0,0,0,0,1,1,0,1,4,0,4,1,0,0,0,0,0,4,0,0,1,4,4,4,1,0,0,0,4,4,4,0,1,4,1,0,1,4,0,0,0,0,1,4,0,4,4,4,0,0,1,,4,1,0,1,4,0,0,0,1,1,0,0,4,0,2,4,4,0,0,0,4,4,4,1,1,1,1,4,4,0,0,4,1,1,0,1,0,0,0,4,0,0,0,4,4,1,3
Saudi Arabia,SAU,Asia,4,4,4,4,4,3,4,4,3,4,3,4,0,1,4,0,4,4,4,4,1,4,0,4,1,4,4,4,1,4,4,1,4,4,4,4,4,1,4,4,4,4,4,4,4,1,0,4,0,0,0,4,4,4,4,4,4,4,3,4,0,4,4,4,4,0,4,1,4,0,0,4,4,4,0,1,1,4,4,4,3,4,4,0,4,3,4,0,0,1,4,0,4,4,4,4,4,4,4,1,1,0,1,4,4,4,1,0,4,0,4,4,4,4,0,1,3,4,4,1,4,0,0,4,4,4,4,0,4,1,0,4,4,4,0,4,4,0,4,4,4,3,0,4,0,1,4,,4,4,1,4,4,4,4,4,4,4,0,4,4,2,4,4,4,4,4,4,3,1,1,1,1,1,4,4,0,3,4,1,1,1,0,4,4,4,4,0,4,4,4,1,3,1
Senegal,SEN,Africa,4,4,4,4,4,3,4,4,3,4,4,4,3,1,4,4,4,4,0,4,1,4,4,4,4,4,0,4,1,4,4,0,0,0,4,4,4,1,4,4,4,4,4,4,4,1,0,4,4,1,4,4,4,4,4,0,4,4,3,0,3,4,0,4,4,4,0,0,4,0,4,4,4,3,0,1,4,4,4,4,0,4,4,4,4,4,4,4,4,4,4,4,4,0,4,4,4,4,4,1,1,0,1,0,4,4,0,1,4,0,4,4,4,4,0,1,4,4,4,1,4,4,1,0,0,4,4,4,4,1,4,4,4,4,0,4,4,4,4,4,4,1,3,1,0,1,4,4,,4,1,0,0,4,4,4,1,4,4,4,4,2,4,4,4,4,4,4,3,1,4,4,1,0,4,4,0,4,4,1,1,4,4,4,4,4,4,4,4,4,4,4,3,3
Serbia,SRB,Europe,4,0,4,0,4,3,0,1,3,0,3,4,4,1,4,0,0,4,4,4,1,0,4,0,4,0,4,4,1,4,4,1,4,4,0,0,4,1,0,0,0,0,0,4,0,1,0,0,0,1,4,4,4,0,4,0,0,0,3,0,0,0,4,0,1,4,4,1,4,0,4,0,0,3,0,1,4,4,0,0,3,1,0,1,0,3,4,4,1,1,0,1,4,4,4,0,0,0,0,1,1,4,1,4,0,4,1,1,4,0,0,0,0,0,4,1,3,4,4,1,0,4,1,4,4,4,0,4,4,1,0,4,4,0,4,0,0,4,4,0,0,3,3,4,0,1,0,4,4,,1,4,0,0,0,4,4,4,0,4,0,2,4,4,0,0,0,4,3,4,1,4,1,1,4,0,0,0,4,1,1,0,4,4,4,0,4,0,0,4,4,4,0,1
Seychelles,SYC,Africa,4,0,0,0,4,0,4,4,3,0,4,0,3,0,0,0,0,0,0,4,1,0,0,0,4,0,4,4,1,4,4,1,4,4,4,0,4,1,0,0,4,0,0,4,0,1,0,0,0,4,4,4,4,0,4,0,0,0,3,0,0,0,1,0,0,4,4,1,4,0,4,0,0,3,0,1,4,0,4,0,0,0,4,1,4,0,0,4,4,1,0,4,0,4,4,0,0,0,0,1,0,0,1,4,0,1,1,0,4,0,0,0,4,0,4,1,4,0,4,1,0,0,1,4,0,4,0,1,4,1,0,4,4,4,0,0,0,4,4,0,0,1,0,1,0,1,0,4,1,0,,4,0,0,0,4,1,0,0,4,0,0,4,0,0,0,0,4,4,4,0,4,1,1,1,0,0,0,4,1,0,1,0,0,4,0,4,0,0,4,4,4,0,0
Sierra Leone,SLE,Africa,4,4,4,4,4,3,4,4,3,4,4,0,5,0,0,4,4,0,0,4,1,4,0,4,4,4,0,4,1,4,4,0,4,4,4,4,4,1,4,4,4,4,4,4,4,1,0,4,0,4,4,4,4,4,4,0,4,4,3,0,4,4,0,4,0,4,0,0,4,0,4,4,4,3,4,1,4,4,4,4,0,0,4,4,4,0,0,4,4,4,4,4,0,0,4,4,4,4,4,1,1,0,1,0,4,4,1,5,4,0,4,4,5,4,4,1,4,4,4,1,4,4,4,0,0,4,4,4,4,1,4,4,4,4,4,4,4,4,4,4,4,1,0,1,0,1,4,4,0,4,1,,0,4,4,4,4,4,4,4,4,4,4,4,0,4,4,4,3,4,4,4,1,0,4,0,4,4,4,1,0,4,4,4,4,4,4,0,4,4,4,4,4,4
Singapore,SGP,Asia,4,0,4,0,4,0,0,1,2,0,1,0,1,1,0,0,0,0,4,4,1,0,0,0,0,0,0,4,0,4,0,0,4,4,0,0,0,1,0,0,0,0,0,4,0,1,0,1,0,1,0,4,4,0,4,0,0,0,3,0,0,0,0,0,0,0,4,1,4,0,0,0,0,3,0,1,4,0,0,0,3,0,0,1,0,0,0,1,0,0,0,1,0,4,4,0,0,0,0,1,1,0,1,4,0,1,1,0,0,0,0,0,0,0,0,1,0,0,4,1,0,0,0,4,4,4,0,1,4,1,0,1,4,0,0,0,0,1,4,0,4,0,0,0,0,1,0,4,0,0,1,4,,0,0,1,4,0,0,4,0,1,4,0,0,0,0,4,3,1,0,0,1,1,1,0,0,0,4,1,0,1,1,0,2,0,4,0,0,4,0,4,0,0
Slovakia,SVK,Europe,4,0,4,0,4,0,0,0,3,0,3,0,1,1,0,0,0,0,4,4,0,0,0,0,0,0,1,4,1,4,0,1,4,4,0,4,0,1,0,0,4,0,0,4,0,1,0,0,0,1,0,4,4,0,1,0,0,0,3,4,0,0,4,0,0,0,4,1,4,0,0,0,0,3,0,1,4,0,0,0,3,0,0,1,0,3,0,3,0,1,0,1,4,4,4,0,0,0,0,1,1,0,1,4,0,0,1,0,0,0,0,0,4,0,0,1,3,4,4,1,0,0,0,4,4,4,0,1,4,0,0,1,0,0,0,0,0,4,4,0,4,3,0,0,0,0,0,4,0,0,0,4,0,,0,0,4,4,0,4,0,2,4,1,0,0,0,4,0,1,1,0,0,1,0,0,0,0,4,0,1,0,0,0,2,0,4,0,0,0,3,4,1,1
Slovenia,SVN,Europe,4,0,4,0,4,0,0,0,3,0,3,0,1,1,0,0,0,0,4,4,0,0,0,0,0,0,1,4,1,4,0,1,4,4,0,4,0,1,0,0,4,0,0,4,0,1,0,0,0,1,0,4,4,0,4,0,0,0,3,0,0,0,4,0,0,0,4,1,4,0,0,0,0,3,0,1,4,0,0,0,4,1,0,1,0,3,0,3,0,1,0,1,4,4,4,0,0,0,0,1,1,0,1,4,0,0,1,0,0,0,0,0,4,0,0,1,3,4,4,1,0,0,0,4,4,4,0,1,4,0,0,1,0,0,0,0,0,4,4,0,4,4,0,0,0,0,0,4,0,0,0,4,0,0,,0,4,4,0,4,0,2,4,1,0,0,0,4,0,1,1,0,0,1,0,0,0,0,4,0,1,0,0,0,2,0,4,0,0,0,4,4,1,1
Solomon Islands,SLB,Oceania,4,4,4,0,4,0,4,1,3,0,4,0,4,1,0,4,0,0,4,4,1,4,0,4,4,0,4,4,1,4,0,1,4,4,4,4,0,1,0,0,4,0,0,4,0,1,0,1,0,1,0,4,4,0,4,0,0,0,4,0,3,0,4,0,0,0,4,1,4,0,0,0,0,3,0,1,4,0,4,0,4,0,4,1,4,0,0,4,4,1,0,4,0,4,4,0,0,0,4,1,1,0,1,4,0,1,1,0,4,0,4,0,4,4,4,1,3,4,1,1,0,4,0,4,4,4,0,4,4,1,0,1,4,0,0,0,0,4,4,4,4,4,0,0,0,0,0,4,1,4,1,4,0,0,0,,4,4,0,4,0,1,4,4,0,0,0,4,4,4,1,4,1,1,1,0,4,4,4,1,0,4,4,0,4,4,4,0,0,4,4,4,0,0
Somalia,SOM,Africa,4,4,4,4,4,3,4,4,4,4,4,4,4,1,4,4,4,4,0,4,4,4,4,4,4,4,1,4,1,4,4,1,4,4,4,4,4,1,4,4,4,4,4,4,4,1,0,4,4,4,4,4,4,4,4,4,4,4,3,4,4,4,1,4,4,4,4,1,4,0,4,4,4,4,4,4,4,4,4,4,4,4,4,4,4,4,4,4,4,1,4,4,4,4,4,4,4,4,4,1,4,0,1,4,4,4,1,4,4,0,4,4,4,4,4,1,4,4,4,4,4,4,4,4,4,4,4,4,4,1,4,4,4,4,4,4,4,4,4,4,4,1,4,4,0,1,4,4,4,4,1,4,4,4,4,4,,4,4,4,4,2,4,4,4,4,4,4,4,4,4,4,1,1,4,4,4,4,4,1,1,4,4,4,4,4,4,4,4,4,4,4,4,4
South Africa,ZAF,Africa,4,4,4,4,4,0,0,1,3,4,3,0,3,4,0,4,4,0,0,4,1,4,0,0,4,4,4,4,1,4,4,1,4,4,0,4,0,1,0,4,4,4,4,4,4,1,0,0,0,4,0,4,4,4,1,0,4,4,1,4,0,4,1,4,0,0,4,1,0,0,0,4,4,3,0,1,4,0,0,4,3,0,4,1,4,0,4,4,1,1,4,4,0,4,4,4,4,4,4,1,0,0,1,4,4,1,1,0,4,0,4,4,4,4,4,0,3,0,4,1,4,4,0,4,4,4,4,1,4,1,0,4,0,0,0,4,4,4,4,4,0,1,0,0,0,1,4,4,0,4,1,4,0,4,4,4,4,,0,4,4,2,4,4,0,4,4,4,4,1,0,0,1,1,4,0,0,3,4,1,1,4,4,4,4,0,4,0,4,0,4,4,0,0
South Korea,KOR,Asia,5,0,4,0,4,0,0,1,2,0,1,0,1,1,0,0,0,0,4,4,1,0,0,0,0,0,4,4,1,4,2,1,4,4,0,4,0,1,0,0,4,0,0,4,0,1,0,0,0,1,0,4,4,0,1,0,0,0,3,0,0,0,4,0,0,0,4,1,0,0,0,0,0,3,0,1,5,0,0,0,4,0,0,1,0,3,0,3,0,0,0,1,0,0,5,0,0,0,0,1,1,0,1,4,0,1,1,0,0,0,0,0,4,0,0,1,3,4,4,1,0,0,0,4,4,4,0,1,4,1,0,1,0,0,0,0,0,1,4,0,0,4,0,0,0,1,0,4,0,0,1,4,0,0,0,1,5,0,,4,0,2,4,0,0,0,0,5,3,1,1,0,1,1,1,0,0,0,4,1,1,0,1,0,2,0,4,0,0,0,0,5,1,1
South Sudan,SSD,Africa,4,4,4,4,4,3,4,4,3,4,4,4,4,4,4,4,4,4,0,4,1,4,0,4,4,4,4,4,1,4,4,1,4,4,4,4,4,1,4,4,4,4,4,4,4,1,0,4,0,1,4,4,4,4,4,4,4,4,3,4,4,4,1,4,4,4,4,1,4,0,4,4,4,4,4,1,4,4,4,4,4,4,4,4,4,3,4,4,4,1,4,4,4,4,4,4,4,4,4,1,4,0,1,4,4,4,1,4,4,0,4,4,4,4,4,1,3,4,4,1,4,4,4,4,4,4,4,4,4,1,4,4,4,4,4,4,4,4,4,4,4,1,0,4,0,1,4,4,4,4,1,4,0,4,4,4,1,4,4,,4,2,4,4,4,4,4,4,4,4,1,4,1,1,4,4,4,4,4,1,1,4,4,4,4,4,4,4,4,4,4,4,4,4
Spain,ESP,Europe,4,0,4,0,4,0,0,0,3,0,3,0,1,1,0,0,0,0,4,4,0,0,0,0,0,0,1,4,1,4,0,1,4,4,0,4,0,1,0,0,4,0,0,4,0,1,0,0,0,1,0,4,4,0,1,0,0,0,3,1,0,0,4,0,0,0,4,1,0,0,0,0,0,3,0,1,4,0,0,0,4,0,0,1,0,3,0,3,0,1,0,1,0,4,4,0,0,0,0,1,1,0,1,4,0,0,1,0,0,0,0,0,4,0,0,1,3,0,4,1,0,0,0,4,4,4,0,1,4,0,0,1,0,0,0,0,0,1,4,0,4,4,0,0,0,0,0,4,0,0,0,4,0,0,0,0,4,0,0,4,,2,4,1,0,0,0,4,0,1,1,0,0,1,0,0,0,3,4,0,1,0,0,0,2,0,4,0,0,0,0,4,1,1
Sri Lanka,LKA,Asia,4,4,4,4,4,3,4,4,3,4,3,0,4,4,0,4,4,4,4,4,1,4,4,4,4,4,4,4,1,4,4,1,4,4,4,4,4,1,4,4,4,4,4,4,4,1,0,4,0,4,4,4,4,4,4,4,4,4,3,0,4,4,4,4,0,4,4,1,4,0,4,4,4,3,0,4,4,4,4,4,4,4,4,4,4,3,4,4,4,4,4,4,0,4,4,4,4,4,4,1,1,3,1,4,4,4,1,4,4,0,4,4,4,4,4,1,3,4,4,1,4,4,4,4,4,4,4,4,4,1,4,4,4,4,4,4,4,4,4,4,4,4,0,4,0,1,4,4,1,4,1,4,0,4,4,4,4,4,4,4,4,,4,4,4,4,4,4,3,4,4,4,1,1,4,4,4,4,4,1,1,4,4,4,4,4,4,0,4,4,4,4,3,3
Sudan,SDN,Africa,4,4,4,4,4,3,4,4,3,4,4,4,4,4,4,4,4,4,0,4,4,4,4,4,4,4,4,4,4,4,4,1,4,4,4,4,4,1,4,4,4,4,4,4,4,1,0,4,0,4,4,4,1,4,4,4,4,4,3,4,3,4,1,4,4,4,4,1,4,0,4,4,4,4,4,1,4,4,4,4,4,4,4,4,4,3,4,4,4,1,4,4,4,4,4,4,4,4,4,1,4,0,1,4,4,4,1,4,4,0,4,4,4,4,4,1,3,4,4,1,4,4,4,4,4,4,4,4,4,1,4,4,4,4,4,4,4,4,4,4,4,1,0,1,0,1,4,4,4,4,1,4,4,4,4,4,1,4,4,4,4,2,,4,4,4,4,4,3,4,1,4,1,1,4,4,4,4,4,1,1,4,4,4,4,4,4,4,4,4,4,4,4,4
Suriname,SUR,South America,4,4,4,4,4,0,0,1,3,4,4,0,1,4,0,4,4,0,4,4,1,4,4,0,4,4,4,4,3,4,4,1,4,4,0,4,0,1,0,4,4,4,4,4,4,1,0,4,0,1,4,4,4,4,4,4,4,4,3,0,3,4,4,4,0,4,4,1,0,0,4,4,4,3,0,1,4,4,0,4,4,0,0,1,4,3,4,4,4,4,4,4,4,4,4,4,4,4,4,1,1,0,1,4,4,4,1,0,4,0,4,4,4,4,4,1,4,4,4,1,4,4,1,4,4,4,4,1,4,1,4,4,4,0,0,4,4,4,4,4,4,4,0,0,0,1,4,4,1,4,1,4,0,4,4,1,4,4,0,4,4,2,4,,4,4,4,4,4,4,1,4,1,1,4,0,4,3,4,1,1,4,4,4,4,4,4,4,4,4,4,0,1,1
Swaziland,SWZ,Africa,4,4,4,4,4,0,4,4,3,4,4,0,4,1,0,4,4,0,0,4,1,4,0,4,4,4,4,4,1,4,4,1,4,4,4,4,4,1,4,4,4,4,4,4,4,1,0,4,0,4,4,4,4,4,4,0,4,4,3,0,3,4,0,4,0,4,4,1,4,0,4,4,4,3,0,1,4,0,0,4,4,0,4,1,4,0,4,1,4,1,4,4,0,4,4,4,4,4,4,1,0,0,1,4,4,4,1,0,4,0,4,4,4,4,4,0,4,0,4,4,4,4,1,4,4,4,4,4,4,1,4,4,4,4,0,4,4,4,4,4,4,1,0,0,0,1,4,4,0,4,1,4,0,4,4,4,4,0,0,4,4,2,4,4,,4,4,4,3,4,0,4,1,1,4,0,4,4,4,1,0,4,4,4,4,4,4,0,4,4,4,4,0,0
Sweden,SWE,Europe,4,0,4,0,4,0,0,0,3,0,3,0,1,1,0,0,0,0,4,4,0,0,0,0,0,0,1,4,1,4,0,1,4,4,0,4,0,1,0,0,4,0,0,4,0,1,0,0,0,1,0,4,4,0,1,0,0,0,3,0,0,0,4,0,0,0,4,1,0,0,0,0,0,3,0,1,4,0,0,0,4,0,0,1,0,3,0,3,0,1,0,1,0,4,4,0,0,0,0,1,1,0,1,4,0,0,1,0,0,0,0,0,4,0,0,1,3,0,4,1,0,0,0,4,4,4,0,1,4,0,0,1,0,0,0,0,0,1,4,0,4,1,0,0,0,0,0,4,0,0,0,4,0,0,0,0,4,0,0,4,0,2,4,1,0,,0,4,0,1,1,0,0,1,0,0,0,0,4,0,1,0,0,0,2,0,4,0,0,0,0,4,1,1
Switzerland,CHE,Europe,4,0,4,0,4,0,0,0,3,0,3,0,1,4,0,0,0,0,4,4,0,0,0,0,0,0,1,4,1,4,0,1,4,4,0,4,0,1,0,0,4,0,0,4,0,1,0,0,0,1,0,4,4,0,1,0,0,0,3,0,0,0,4,0,0,0,4,1,0,0,0,0,0,3,0,1,4,0,0,0,4,0,0,1,0,3,0,3,0,0,0,1,0,4,4,0,0,0,0,1,1,0,1,4,0,0,1,0,0,0,0,0,4,0,0,1,3,0,4,1,0,0,0,4,4,4,0,1,4,1,0,1,0,0,0,0,0,1,4,0,4,3,0,0,0,1,0,4,0,0,0,4,0,0,0,0,4,0,0,4,0,2,4,1,0,0,,4,3,1,1,0,0,1,0,0,0,0,4,0,1,0,0,0,2,0,4,0,0,0,4,4,1,1
Syria,SYR,Asia,4,4,4,4,4,3,4,4,4,4,4,4,4,4,4,4,4,4,4,4,4,4,4,4,4,4,4,4,1,4,4,1,4,4,4,4,4,1,4,4,4,4,4,4,4,4,0,4,0,4,4,4,4,4,4,4,4,4,4,4,4,4,4,4,4,4,4,1,4,0,4,4,4,4,4,0,4,4,4,4,4,4,4,4,4,4,4,4,4,4,4,4,4,4,4,4,4,4,4,1,4,0,1,4,4,4,0,4,4,0,4,4,4,4,4,1,4,4,4,4,4,4,4,4,4,4,4,4,4,1,4,4,4,4,4,4,4,4,4,4,4,4,4,4,4,1,4,4,4,4,1,4,4,4,4,4,4,4,4,4,4,4,0,4,4,4,4,,4,1,1,4,1,1,4,4,4,4,4,1,1,4,4,4,4,4,4,4,4,4,4,1,4,4
So Tom and Prncipe,STP,Africa,4,4,4,4,4,3,4,4,3,4,4,0,4,1,4,4,4,4,0,4,1,4,4,4,4,4,1,4,1,4,4,1,4,4,4,4,4,1,0,4,4,4,4,4,4,1,0,4,0,4,0,4,4,4,4,4,4,4,3,4,3,4,1,4,4,0,4,1,4,0,0,4,4,4,0,1,4,4,4,4,4,4,4,4,4,3,4,4,4,1,4,4,4,4,4,4,4,4,4,1,1,0,1,4,4,4,1,1,4,0,4,4,4,4,4,1,4,4,4,1,4,4,0,4,4,4,4,4,4,1,0,4,4,4,0,4,4,4,4,4,4,1,3,1,0,1,4,4,4,4,1,4,0,4,4,4,4,4,4,4,4,2,4,4,4,4,4,4,,4,1,4,1,1,4,4,4,4,4,1,1,4,4,4,4,4,4,4,4,4,4,4,1,1
Tajikistan,TJK,Asia,4,4,4,4,4,0,4,0,3,4,0,4,4,1,0,0,4,4,4,4,1,4,4,4,4,4,4,4,1,4,4,1,4,4,4,4,4,1,4,4,4,4,4,4,4,1,0,4,0,4,4,4,4,4,4,4,4,4,3,4,0,4,4,4,1,4,4,1,4,0,4,4,4,3,0,4,4,4,4,4,4,1,4,1,0,4,4,4,0,1,4,1,4,4,4,4,4,4,4,1,1,0,1,4,4,1,1,1,4,0,0,4,4,4,4,1,4,0,4,1,4,4,1,4,4,4,4,4,4,1,4,4,4,4,0,4,4,4,4,4,0,3,3,4,0,1,4,4,4,4,1,4,3,4,4,4,1,4,4,4,4,2,4,4,4,4,4,4,4,,4,4,1,1,4,4,4,0,4,1,1,0,4,4,4,4,4,4,4,4,4,4,3,1
Tanzania,TZA,Africa,4,4,4,4,4,0,4,4,3,4,4,0,4,0,0,4,4,0,0,4,1,4,0,4,4,4,4,0,1,4,4,1,4,4,4,4,4,1,4,4,4,4,4,1,4,1,0,4,0,4,4,4,4,4,4,0,4,4,3,0,3,4,1,4,0,4,0,1,4,0,4,4,4,3,0,1,4,4,4,4,4,0,4,4,4,0,4,4,4,1,4,4,0,4,4,4,4,4,4,1,0,0,1,4,4,4,1,0,4,0,4,4,4,4,4,0,4,0,4,1,4,4,1,4,4,4,4,4,4,1,4,4,4,4,0,4,4,4,4,4,4,0,3,0,0,1,4,4,4,4,1,4,0,4,4,4,4,0,4,1,4,2,4,4,0,4,4,4,3,4,,4,1,1,4,4,4,4,4,1,0,4,4,4,4,4,4,0,4,4,4,4,0,0
Thailand,THA,Asia,4,4,4,4,4,3,0,1,3,4,3,4,1,4,4,4,4,4,4,4,1,4,4,0,0,4,4,4,0,4,4,1,4,4,0,4,4,1,4,4,4,4,4,4,4,1,0,0,0,4,4,4,4,4,1,0,4,4,3,4,0,4,4,4,4,4,4,1,4,0,4,4,4,3,0,1,4,4,4,4,3,4,0,1,4,3,4,4,1,0,4,4,4,4,4,4,4,4,4,1,1,0,1,4,4,1,1,1,4,0,3,4,0,4,4,1,0,4,4,1,4,4,1,4,4,4,4,1,4,1,0,1,4,0,0,4,4,4,4,4,0,3,3,1,0,1,4,4,0,4,1,4,0,4,4,0,4,0,0,4,4,2,4,4,4,4,4,4,3,1,1,,1,1,4,4,4,0,4,1,1,4,4,4,4,4,4,0,4,4,0,4,1,3
Timor-Leste,TLS,Oceania,4,4,4,0,4,3,4,1,3,0,4,4,4,4,0,4,0,4,4,4,4,4,4,4,4,0,4,4,1,4,4,1,4,4,4,4,4,1,4,0,4,0,0,4,0,1,0,4,0,4,4,4,4,0,4,4,0,0,3,0,3,0,4,0,4,4,4,1,4,0,4,0,0,3,0,1,4,4,4,0,4,4,4,1,4,3,4,4,4,1,0,4,4,4,4,0,0,0,4,1,4,0,1,4,0,4,1,4,4,0,4,0,4,0,4,1,4,4,4,1,0,4,4,4,4,4,0,4,4,1,4,4,4,4,4,0,0,4,4,0,4,4,4,1,0,1,0,4,1,4,1,4,0,0,0,4,4,4,4,4,0,1,4,4,0,0,0,4,0,4,1,4,,1,4,4,4,4,4,1,1,1,4,0,4,4,4,4,0,4,3,4,3,3
Togo,TGO,Africa,4,4,4,4,4,3,4,4,3,4,4,4,4,1,4,4,4,4,0,4,1,4,4,4,4,4,0,4,1,4,4,0,4,0,4,4,4,1,4,4,4,4,4,4,4,1,0,4,0,4,4,4,4,4,4,4,4,4,3,0,3,4,0,4,4,4,0,0,1,0,4,4,4,4,0,1,4,4,4,4,0,4,4,4,4,3,4,4,4,1,4,4,4,0,4,4,4,4,4,1,1,0,1,0,4,4,1,1,4,0,4,4,4,4,4,1,4,4,4,1,4,4,1,0,0,4,4,4,4,1,4,4,4,4,0,4,4,4,1,4,4,1,3,1,0,1,4,4,0,4,1,0,0,4,4,4,4,4,4,4,4,2,4,4,4,4,4,4,3,4,1,4,1,,4,4,4,4,4,1,1,4,4,4,4,4,4,4,4,4,4,4,3,3
Tonga,TON,Oceania,4,4,4,0,4,3,4,1,3,0,4,0,4,0,0,4,0,0,4,4,1,4,0,4,4,0,4,4,1,4,4,1,4,4,0,0,4,1,0,0,4,0,0,4,0,1,0,1,0,1,4,4,4,0,4,0,0,0,4,0,3,0,4,0,0,4,4,1,4,0,4,0,0,3,0,1,4,0,0,0,4,0,4,1,4,0,0,4,4,4,0,4,0,4,4,0,0,0,4,1,1,0,1,4,0,1,1,0,4,0,4,0,4,4,4,1,3,4,1,1,0,4,1,4,4,4,0,4,0,1,0,1,4,0,4,0,0,4,4,0,4,4,0,0,0,0,0,4,4,4,1,4,0,0,0,1,4,4,0,4,0,1,4,4,0,0,0,4,4,4,1,4,1,1,,0,4,4,4,1,0,4,4,0,4,4,4,0,0,4,4,4,0,4
Trinidad and Tobago,TTO,North America,4,4,4,0,4,0,0,1,3,0,4,0,3,1,0,4,0,0,4,4,1,4,0,0,4,0,4,4,1,4,4,1,4,4,0,4,0,1,0,0,4,0,0,4,0,1,0,0,0,1,0,4,4,0,4,0,0,0,3,0,3,0,1,0,0,0,4,1,0,0,0,0,0,3,0,1,4,0,0,0,4,0,4,1,4,0,0,4,4,1,0,4,0,4,4,0,0,0,4,1,0,0,1,4,0,4,1,0,0,0,4,0,4,0,4,1,4,4,4,1,0,4,0,4,4,4,0,4,0,1,0,4,4,0,0,0,0,4,4,0,4,4,0,0,0,1,0,4,4,4,1,4,0,0,0,1,4,0,0,4,0,2,4,0,0,0,0,4,4,4,0,4,1,1,4,,4,0,4,1,1,1,4,0,4,0,4,0,0,0,4,4,0,0
Tunisia,TUN,Africa,4,4,0,4,4,3,4,4,3,4,4,4,4,1,0,4,4,0,0,4,1,4,4,0,4,4,1,4,1,4,4,1,4,4,4,4,4,1,4,4,4,4,4,4,4,1,0,4,0,4,4,4,4,4,4,0,4,4,0,4,3,4,1,4,4,4,0,1,4,0,4,4,4,4,0,1,4,4,4,4,0,4,0,1,4,3,0,4,4,1,4,4,4,4,0,4,4,4,4,1,4,0,1,0,4,4,0,0,4,0,4,4,4,4,0,1,4,4,4,1,4,4,1,0,4,4,4,4,4,1,4,4,4,4,0,4,4,4,4,4,4,1,3,4,0,1,4,4,0,0,1,4,4,4,4,4,4,4,0,4,4,2,4,4,4,4,4,4,3,1,1,4,1,1,4,4,,0,4,1,1,4,4,4,4,4,4,0,4,4,4,4,3,3
Turkey,TUR,Asia,4,0,4,4,4,0,0,1,3,4,1,0,1,4,0,0,4,0,4,4,0,0,0,0,0,4,4,4,1,4,4,1,4,4,0,4,0,1,0,4,4,4,4,4,4,1,0,0,0,4,0,4,4,4,4,0,4,4,3,0,0,4,4,4,4,0,4,3,4,0,0,4,4,4,0,0,0,4,4,4,3,0,0,0,0,3,4,3,0,4,4,1,4,4,4,4,4,4,0,1,4,0,1,4,4,1,1,0,3,0,0,4,0,0,0,1,3,4,4,1,4,4,0,4,4,4,4,1,4,1,0,4,0,0,0,4,4,0,4,4,4,3,0,0,0,1,4,4,0,0,1,4,0,4,4,4,4,0,0,4,4,2,1,1,0,4,4,4,3,1,1,0,1,1,1,0,0,,4,1,1,0,4,4,4,0,4,0,4,0,4,4,1,1
Turkmenistan,TKM,Asia,4,4,4,4,4,0,4,1,3,4,3,4,4,1,0,4,4,4,4,4,1,4,4,4,4,4,4,4,1,4,4,1,4,4,4,4,4,1,4,4,4,4,4,4,4,1,0,4,0,4,4,4,4,4,4,4,4,4,3,0,0,4,4,4,1,4,4,1,4,0,4,4,4,4,0,1,4,4,4,4,4,1,4,1,4,3,4,4,4,1,4,1,4,4,4,4,4,4,4,1,1,0,1,4,4,1,1,1,4,0,4,4,4,4,4,1,4,0,4,1,4,4,1,4,4,4,4,4,4,1,4,4,4,4,0,4,4,4,4,4,4,4,4,4,0,1,4,4,4,4,1,4,3,4,4,4,1,4,4,4,4,2,4,4,4,4,4,4,4,1,4,4,1,1,4,4,4,0,,1,1,4,4,4,4,4,4,4,4,4,4,4,3,1
Tuvalu,TUV,Oceania,4,4,4,0,4,0,4,1,3,0,4,0,4,1,0,4,0,0,4,4,1,4,0,4,4,0,4,4,1,4,4,1,4,4,4,4,4,1,0,0,4,0,0,4,0,1,0,1,0,1,0,4,4,0,4,0,0,0,4,0,3,0,4,0,0,4,4,1,4,0,4,0,0,3,0,1,4,0,4,0,4,0,4,1,4,0,0,4,4,1,0,4,4,4,4,0,0,0,4,1,0,0,1,4,0,1,1,0,4,0,4,0,4,4,4,1,3,4,1,1,0,4,0,4,4,4,0,4,4,1,0,1,4,0,0,0,0,4,4,0,4,4,0,0,0,0,0,4,1,4,1,4,0,0,0,4,4,4,0,4,0,1,4,4,4,0,0,4,4,4,0,4,1,1,1,0,4,4,4,,1,1,4,0,4,4,4,0,0,4,4,4,0,0
Uganda,UGA,Africa,4,4,4,4,4,0,4,4,3,4,4,0,4,1,0,4,4,0,0,4,1,4,0,4,4,4,4,0,1,4,4,1,4,4,4,4,4,1,4,4,4,4,4,4,4,1,0,4,0,4,4,4,0,4,4,0,4,4,3,0,3,4,1,4,0,4,4,1,4,0,4,4,4,4,0,1,4,4,4,4,4,0,4,4,4,0,1,4,4,1,4,4,0,4,4,4,4,4,4,1,0,0,1,4,4,4,1,0,4,0,4,4,4,4,4,0,3,4,4,1,4,4,1,4,4,4,4,4,4,1,4,4,4,4,0,4,4,4,4,4,4,0,0,1,0,1,4,4,0,4,1,4,0,4,4,4,4,4,4,1,4,3,4,4,0,4,4,4,3,4,0,4,1,1,4,4,4,4,4,1,,4,4,4,4,4,4,0,4,4,4,4,0,0
Ukraine,UKR,Europe,4,0,4,4,4,0,0,0,3,4,0,4,4,1,0,0,4,4,4,4,1,0,4,0,0,4,4,4,1,4,4,1,4,4,0,4,4,1,0,4,4,4,4,4,4,1,0,0,0,1,0,4,4,4,4,0,4,4,3,4,0,4,4,4,1,0,4,3,4,0,0,4,4,3,0,1,4,4,0,4,3,0,4,1,0,3,4,4,0,1,4,1,4,4,4,4,4,4,0,1,4,0,1,4,4,1,1,1,0,0,0,4,0,0,4,1,3,0,4,1,4,4,0,4,4,4,4,4,4,1,0,4,0,0,4,4,4,4,4,4,0,3,0,4,0,1,4,4,0,0,1,4,3,4,4,4,4,4,4,4,4,2,4,4,0,4,4,4,3,0,1,1,1,1,1,4,4,0,4,1,1,,4,4,4,4,0,0,4,4,4,4,1,1
United Arab Emirates,ARE,Asia,4,0,4,0,4,0,4,0,3,0,1,0,0,1,4,0,0,4,4,4,1,0,0,4,0,0,4,4,1,4,4,1,4,4,4,4,0,1,0,0,4,0,0,4,0,1,0,0,0,0,0,4,4,0,4,0,0,0,3,0,0,0,4,0,0,0,4,1,4,0,4,0,0,3,0,1,4,4,4,0,3,4,4,0,0,3,4,0,0,1,0,0,4,4,4,0,0,0,0,1,1,0,1,4,0,1,1,0,4,0,0,0,4,0,0,1,4,4,4,1,0,0,0,4,4,4,0,0,4,1,0,4,4,4,0,0,0,0,4,0,4,3,0,4,0,1,0,0,1,0,0,4,0,0,0,4,4,4,0,4,0,2,0,4,0,0,0,4,3,1,1,0,1,1,4,4,0,3,4,1,1,1,,3,4,4,4,0,0,4,4,1,1,1
United Kingdom,GBR,Europe,4,0,4,0,4,0,0,0,3,0,3,0,1,1,0,0,0,0,4,4,0,0,0,0,0,0,1,4,1,4,0,1,4,4,0,4,0,1,0,0,4,0,0,4,0,1,0,1,0,1,0,4,4,0,1,0,0,0,3,0,0,0,4,0,0,0,4,1,0,0,0,0,0,3,0,4,4,0,0,0,3,0,0,1,0,3,0,3,0,1,0,1,0,4,4,0,0,0,0,1,1,0,1,4,0,1,1,0,0,0,0,0,4,0,0,1,3,0,4,1,0,0,0,4,4,4,0,1,4,1,0,1,0,0,0,0,0,1,4,0,4,1,0,0,0,1,0,4,0,0,1,4,0,0,0,1,4,0,0,4,0,2,4,1,0,0,0,4,0,1,1,0,1,1,1,0,0,3,4,1,1,0,1,,2,0,4,0,0,0,0,4,1,1
United States,USA,North America,4,0,4,0,4,0,0,0,2,0,3,0,1,1,0,0,0,0,4,4,1,0,0,4,0,0,1,4,1,4,0,1,0,4,0,4,0,1,0,0,4,0,0,4,0,1,0,1,0,1,0,0,4,0,1,1,0,0,3,1,0,0,4,0,0,0,4,1,0,0,0,0,0,3,0,5,4,0,0,0,3,0,0,1,0,3,0,3,0,1,0,1,0,4,4,0,0,0,0,1,1,0,1,4,0,0,1,0,0,0,0,0,0,0,0,1,3,0,4,1,0,0,0,4,4,4,0,1,4,0,0,1,1,0,0,0,0,1,4,0,4,1,0,0,0,1,0,4,0,0,1,4,0,0,0,1,4,0,0,4,0,2,4,1,0,0,0,4,0,1,1,0,1,1,1,0,0,3,4,1,3,0,1,0,,0,4,0,0,4,3,4,1,1
Uruguay,URY,South America,4,0,4,0,4,3,0,0,3,0,4,0,1,4,0,0,0,0,4,4,0,0,0,0,4,0,4,4,1,4,4,1,4,4,0,4,0,1,0,0,4,0,0,4,0,1,0,0,0,1,0,4,4,0,4,0,0,0,3,4,0,0,4,0,4,0,4,1,0,0,0,0,0,3,0,1,4,0,0,0,4,0,0,1,4,3,4,4,4,1,0,4,4,4,4,0,0,0,0,1,1,0,1,4,0,1,1,0,0,0,4,0,4,0,4,1,3,4,4,1,0,0,0,4,4,4,0,1,4,1,0,1,0,0,0,0,0,4,4,0,0,4,0,0,0,1,0,4,4,0,1,4,0,0,0,1,1,0,0,4,0,2,4,1,0,0,0,4,4,4,1,4,1,1,4,0,4,0,4,1,1,4,4,0,4,,4,0,0,0,3,4,1,1
Uzbekistan,UZB,Asia,4,4,4,4,4,0,4,0,3,4,0,4,4,1,0,0,4,4,4,4,1,4,4,4,4,4,4,4,1,4,4,1,4,4,4,4,4,1,4,4,4,4,4,4,4,1,0,4,0,4,4,4,4,4,4,4,4,4,3,4,0,4,4,4,1,4,4,1,4,0,4,4,4,3,0,1,4,4,4,4,4,1,4,1,0,3,4,4,0,1,4,1,4,4,4,4,4,4,4,1,4,0,1,4,4,4,1,1,4,0,0,4,4,4,4,1,4,0,4,1,4,4,1,4,4,4,4,4,4,1,4,4,4,4,0,4,4,4,4,4,0,4,4,4,0,1,4,4,4,4,1,4,3,4,4,4,1,4,4,4,4,2,4,4,4,4,4,4,4,3,4,1,1,1,4,4,4,0,4,1,1,0,4,4,4,4,,4,4,4,4,4,3,1
Vanuatu,VUT,Oceania,4,4,4,0,4,0,4,1,3,0,4,0,4,4,0,0,0,4,4,4,1,4,0,4,4,0,4,4,1,4,4,1,4,4,4,4,4,1,0,0,4,0,0,4,0,1,0,1,0,1,0,4,4,0,4,0,0,0,4,0,3,0,4,0,0,0,4,1,4,0,0,0,0,3,0,1,4,0,0,0,4,0,4,1,4,0,0,4,4,1,0,4,0,4,4,0,0,0,4,1,1,0,1,4,0,1,1,0,4,0,4,0,4,0,4,1,3,4,1,1,0,4,0,4,4,4,0,4,4,1,0,1,4,0,0,0,0,4,4,0,0,4,0,0,0,1,0,4,0,4,1,4,0,0,0,1,4,4,4,4,0,1,4,4,0,0,0,4,4,4,1,4,1,1,1,0,4,4,4,1,0,1,4,0,4,4,4,,0,4,4,4,0,0
Vatican City,VAT,Europe,4,0,4,0,4,0,0,0,3,0,3,0,1,1,4,0,0,4,4,4,0,0,0,0,4,0,4,4,1,4,0,1,4,4,0,4,0,1,0,0,4,0,0,4,0,1,0,0,0,1,0,4,4,0,4,0,0,0,3,0,0,0,4,0,0,0,4,1,4,0,0,0,0,3,0,1,4,0,0,0,4,4,4,1,4,0,4,3,0,1,0,4,4,4,4,0,0,0,0,1,1,0,1,4,0,1,1,0,0,0,0,0,4,0,4,1,4,4,4,1,0,0,0,4,4,4,0,1,4,1,0,1,4,0,0,0,0,1,4,0,4,4,4,4,0,1,0,4,1,0,1,4,0,0,0,4,4,4,0,4,0,2,4,4,0,0,0,4,4,1,1,4,1,1,4,4,0,0,4,1,1,0,1,0,4,4,4,0,,4,4,4,4,1
Venezuela,VEN,South America,4,0,4,0,4,0,0,1,3,0,4,0,1,1,0,0,0,0,4,4,0,0,0,0,4,0,1,4,1,4,4,1,4,4,0,4,0,1,0,0,4,0,0,4,0,1,0,1,0,1,4,4,4,0,4,0,0,0,3,0,3,0,4,0,0,0,4,1,4,0,0,0,0,3,0,0,4,4,4,0,4,0,4,1,4,3,4,4,1,1,0,1,4,4,4,0,0,0,0,1,1,0,1,4,0,4,1,1,0,0,4,0,4,0,0,1,3,0,4,1,0,4,4,4,4,4,0,1,4,1,0,4,0,0,0,0,0,4,4,0,0,4,0,0,0,1,0,4,4,4,1,4,0,0,0,4,4,0,0,4,0,2,4,1,4,0,0,4,4,1,1,4,1,1,4,0,4,0,4,1,1,4,4,4,4,0,4,4,0,,3,4,1,3
Vietnam,VNM,Asia,4,4,4,4,4,3,4,4,3,4,3,4,4,4,4,4,4,4,4,4,1,4,4,4,0,4,4,4,0,4,4,1,4,4,4,4,4,1,4,4,4,4,4,4,4,1,0,4,0,4,4,4,4,4,4,4,4,4,3,4,3,4,4,4,4,4,4,1,4,0,4,4,4,3,0,1,4,4,4,4,4,4,4,4,4,3,4,3,0,0,4,4,4,4,4,4,4,4,4,1,1,0,1,4,4,1,1,4,4,0,4,4,4,4,4,1,0,4,4,1,4,4,4,4,4,4,4,4,4,1,0,4,4,4,0,4,4,4,4,4,4,3,3,1,0,1,4,4,4,4,1,4,0,4,4,4,4,4,4,4,4,2,4,4,4,4,4,4,3,1,1,0,1,1,4,4,4,4,4,1,1,4,4,4,4,4,4,4,4,4,,4,1,3
Yemen,YEM,Asia,4,4,4,4,4,3,4,1,3,4,4,4,4,1,4,4,4,4,4,4,4,4,4,4,4,4,4,4,1,4,4,1,4,4,4,4,4,1,4,4,4,4,4,4,4,4,0,4,0,4,4,4,4,4,4,4,4,4,4,4,4,4,4,4,4,4,4,1,4,0,4,4,4,4,4,1,4,4,4,4,4,4,4,4,4,3,4,4,4,1,4,4,4,4,4,4,4,4,4,1,4,0,1,4,4,4,1,4,4,0,4,4,4,4,4,1,4,4,4,1,4,4,4,4,4,4,4,4,4,1,4,4,4,4,4,4,4,4,4,4,4,3,3,4,0,1,4,4,4,4,1,4,4,4,4,4,4,4,4,4,4,2,0,4,4,4,4,4,3,1,1,4,1,1,4,4,4,4,4,1,1,4,4,4,4,4,4,4,4,4,4,,3,3
Zambia,ZMB,Africa,4,4,4,4,4,0,4,4,3,4,4,0,4,0,0,4,4,0,0,4,1,4,0,4,4,4,4,4,1,4,4,1,4,4,4,4,4,1,4,4,4,4,4,4,4,1,0,4,0,4,4,4,4,4,4,0,4,4,3,0,3,4,1,4,0,4,4,1,4,0,4,4,4,3,0,1,4,4,4,4,4,0,4,4,4,0,0,4,4,1,4,4,0,4,4,4,4,4,4,1,0,0,1,4,4,4,1,0,4,0,4,4,4,4,4,0,4,0,4,1,4,4,1,4,4,4,4,4,0,1,4,4,4,4,0,4,4,4,4,4,4,1,0,0,0,1,4,4,0,4,1,4,0,4,4,4,4,0,4,4,4,3,4,4,0,4,4,4,3,4,0,4,1,1,4,0,4,4,4,1,0,4,4,4,4,4,4,0,4,4,4,4,,0
Zimbabwe,ZWE,Africa,4,4,4,4,4,3,4,4,3,4,4,0,4,1,0,4,4,0,0,4,1,4,0,4,4,4,4,4,1,4,4,1,4,4,4,4,4,1,4,4,4,4,4,0,4,1,0,4,0,4,4,4,4,4,4,0,4,4,3,0,3,4,1,4,4,4,4,1,4,0,4,4,4,3,0,1,4,4,4,4,4,4,4,1,4,0,0,4,4,1,4,4,0,4,4,4,4,4,4,1,0,0,1,4,4,4,1,0,4,0,4,4,4,4,4,0,4,0,4,1,4,4,1,4,4,4,4,4,4,1,4,4,4,4,0,4,4,4,4,4,4,1,0,1,0,1,4,4,0,4,1,4,0,4,4,4,4,0,4,4,4,3,4,4,0,4,4,4,3,4,0,4,1,1,4,0,4,4,4,1,0,4,4,4,4,4,4,0,4,4,4,4,0,
